ZONE_MORPHO;ZONE;NUMECH;P01;D1;D2_A;D2_B;D3;D4H;D4M;D5_A;D5_B;D6;D7;D8H;D8M;D9;D10;COEP
3;046001;008;01;01;01;;046001;8;0;11;;;027001;8;45;45;1;118.427
3;046001;008;01;02;11;;027001;16;0;64;22;;049004;16;30;30;1;118.427
3;046001;008;01;03;62;22;049004;16;40;61;51;;046001;17;0;20;1;118.427
3;046001;008;01;04;63;51;046001;17;2;32;;;057008;17;5;3;1;118.427
3;046001;008;01;05;32;;057008;17;55;64;51;;046001;18;0;5;1;118.427
3;046001;008;01;06;62;51;046001;18;5;01;;;046001;18;15;10;1;118.427
3;046001;008;02;01;01;;046001;8;20;61;22;;049004;8;30;10;1;118.427
3;046001;008;02;02;63;22;049004;8;40;11;;;027001;9;25;45;1;118.427
3;046001;008;02;03;11;;027001;11;30;12;;;013051;11;50;20;1;118.427
3;046001;008;02;04;12;;013051;13;40;11;;;027001;14;0;20;1;118.427
3;046001;008;02;05;11;;027001;18;30;01;;;046001;19;0;30;1;118.427
3;046001;008;03;01;01;;046001;8;20;22;;;049004;8;30;10;1;118.427
3;046001;008;03;02;22;;049004;16;40;61;51;;046001;17;0;20;1;118.427
3;046001;008;03;03;63;51;046001;17;2;32;;;057008;17;5;3;1;118.427
3;046001;008;03;04;32;;057008;17;55;64;51;;046001;18;0;5;1;118.427
3;046001;008;03;05;62;51;046001;18;5;01;;;046001;18;15;10;1;118.427
3;046001;008;04;01;01;;046001;8;20;22;;;049004;8;30;10;1;118.427
3;046001;008;04;02;22;;049004;16;40;51;;;046001;17;0;20;1;118.427
3;046001;008;04;03;51;;046001;18;5;01;;;046001;18;15;10;1;118.427
3;046001;008;05;01;01;;046001;8;20;22;;;049004;8;30;10;1;118.427
3;046001;008;05;02;22;;049004;16;40;51;;;046001;17;0;20;1;118.427
3;046001;008;05;03;51;;046001;18;5;01;;;046001;18;15;10;1;118.427
3;046001;009;01;01;01;;046001;7;30;42;;;081010;9;0;90;1;55.632
3;046001;009;01;02;42;;081010;13;30;01;;;046001;15;0;90;1;55.632
3;046001;009;01;03;01;;046001;15;45;64;22;;077001;16;15;30;1;55.632
3;046001;009;01;04;62;22;077001;16;35;54;;;077001;16;50;15;1;55.632
3;046001;009;01;05;54;;077001;19;0;01;;;046001;19;30;30;1;55.632
3;046001;009;02;01;01;;046001;8;45;51;;;046002;9;0;15;0;55.632
3;046001;009;02;02;51;;046002;11;45;01;;;046001;12;0;15;0;55.632
3;046001;009;02;03;01;;046001;15;45;64;22;;077001;16;15;30;1;55.632
3;046001;009;02;04;62;22;077001;16;35;54;;;077001;16;50;15;1;55.632
3;046001;009;02;05;54;;077001;19;0;01;;;046001;19;30;30;1;55.632
3;046001;010;01;01;01;;046001;9;0;32;;;057008;9;15;15;1;103.464
3;046001;010;01;02;32;;057008;9;45;01;;;046001;10;0;15;1;103.464
3;046001;012;01;01;01;;046001;7;15;11;;;035051;7;35;20;1;87.006
3;046001;012;01;02;11;;035051;17;0;51;;;009001;17;30;30;1;87.006
3;046001;012;01;03;51;;009001;18;45;01;;;046001;19;15;30;1;87.006
3;046001;012;02;01;01;;046001;8;0;11;;;049005;8;30;30;1;87.006
3;046001;012;02;02;11;;049005;12;0;01;;;046001;12;15;15;1;87.006
3;046001;012;02;03;01;;046001;13;30;11;;;049005;13;50;20;1;87.006
3;046001;012;02;04;11;;049005;17;0;51;;;022001;17;30;30;1;87.006
3;046001;012;02;05;51;;022001;18;30;64;54;;048001;18;50;20;1;87.006
3;046001;012;02;06;62;54;048001;19;5;01;;;046001;19;15;10;1;87.006
3;046001;012;03;01;02;;048001;7;40;23;;;048001;7;50;10;0;87.006
3;046001;012;03;02;23;;048001;17;0;02;;;048001;17;10;10;0;87.006
3;046001;012;03;03;02;;048001;19;5;01;;;046001;19;15;10;1;87.006
3;046001;016;01;01;01;;046001;11;0;32;;;046001;11;5;5;0;55.632
3;046001;016;01;02;32;;046001;11;30;01;;;046001;11;35;5;0;55.632
3;046001;016;02;01;01;;046001;5;20;11;;;055051;5;50;30;1;55.632
3;046001;016;02;02;11;;055051;14;0;01;;;046001;14;30;30;1;55.632
3;046001;019;01;01;01;;046001;10;0;32;;;046001;10;2;2;0;103.464
3;046001;019;01;02;32;;046001;10;28;01;;;046001;10;30;2;0;103.464
3;046001;038;01;01;01;;046001;14;0;32;;;035004;15;15;75;1;55.632
3;046001;038;01;02;32;;035004;17;30;01;;;046001;18;15;45;1;55.632
3;046001;042;01;01;01;;046001;8;15;91;;;057006;8;25;10;1;55.632
3;046001;042;01;02;91;;057006;12;30;01;;;046001;12;40;10;1;55.632
3;046001;048;01;01;01;;046001;11;0;54;;;089001;11;20;20;1;118.427
3;046001;048;01;02;54;;089001;17;0;01;;;046001;17;30;30;1;118.427
3;046001;048;02;01;01;;046001;11;0;54;;;089001;11;20;20;1;118.427
3;046001;048;02;02;54;;089001;17;0;01;;;046001;17;30;30;1;118.427
3;046001;048;03;01;01;;046001;7;30;23;;;048001;7;50;20;1;118.427
3;046001;048;03;02;23;;048001;12;0;01;;;046001;12;15;15;1;118.427
3;046001;048;03;03;01;;046001;13;0;23;;;048001;13;20;20;1;118.427
3;046001;048;03;04;23;;048001;16;0;01;;;046001;16;20;20;1;118.427
3;046001;048;04;01;01;;046001;7;30;23;;;048001;7;50;20;1;118.427
3;046001;048;04;02;23;;048001;16;0;01;;;046001;16;20;20;1;118.427
3;046001;048;05;01;01;;046001;7;50;22;;;048001;8;20;30;1;118.427
3;046001;048;05;02;22;;048001;17;0;01;;;046001;17;30;30;1;118.427
3;046001;057;01;01;01;;046001;7;30;61;23;;048004;7;50;20;1;87.006
3;046001;057;01;02;63;23;048004;7;50;11;;;076003;8;0;10;1;87.006
3;046001;057;01;03;11;;076003;18;0;64;23;;048004;18;10;10;1;87.006
3;046001;057;01;04;62;23;048004;18;10;01;;;046001;18;30;20;1;87.006
3;046001;057;02;01;01;;046001;7;50;11;;;048004;8;0;10;1;87.006
3;046001;057;02;02;11;;048004;17;15;01;;;046001;17;25;10;1;87.006
3;046001;057;03;01;01;;046001;7;30;23;;;048001;7;55;25;1;87.006
3;046001;057;03;02;23;;048001;18;5;01;;;046001;18;30;25;1;87.006
3;046001;075;01;01;01;;046001;8;30;52;;;057001;8;39;9;1;55.632
3;046001;075;01;02;52;;057001;8;39;33;;;057001;8;48;9;1;55.632
3;046001;075;01;03;33;;057001;8;50;33;;;057001;8;51;1;0;55.632
3;046001;075;01;04;33;;057001;9;0;01;;;046001;9;5;5;1;55.632
3;046001;075;01;05;01;;046001;13;15;51;;;049001;13;30;15;1;55.632
3;046001;075;01;06;51;;049001;16;10;52;;;049001;16;42;32;0;55.632
3;046001;075;01;07;52;;049001;16;42;01;;;046001;17;14;32;1;55.632
3;046001;075;01;08;01;;046001;20;30;52;;;046001;20;38;8;0;55.632
3;046001;075;01;09;52;;046001;20;38;01;;;046001;20;46;8;0;55.632
3;046001;075;02;01;01;;046001;13;15;51;;;049001;13;30;15;1;55.632
3;046001;075;02;02;51;;049001;16;10;52;;;049001;16;42;32;0;55.632
3;046001;075;02;03;52;;049001;16;42;01;;;046001;17;14;32;1;55.632
3;046001;079;01;01;01;;046001;8;15;12;;;032007;9;0;45;1;55.632
3;046001;079;01;02;12;;032007;12;20;54;;;032007;12;30;10;0;55.632
3;046001;079;01;03;54;;032007;14;30;12;;;032007;14;40;10;0;55.632
3;046001;079;01;04;12;;032007;19;0;01;;;046001;19;45;45;1;55.632
3;046001;079;02;01;01;;046001;8;0;11;;;076005;8;45;45;1;55.632
3;046001;079;02;02;11;;076005;18;0;01;;;046001;18;45;45;1;55.632
3;046001;086;01;01;01;;046001;9;0;11;;;005003;9;45;45;1;55.632
3;046001;086;01;02;11;;005003;11;15;61;41;;004003;11;45;30;0;55.632
3;046001;086;01;03;61;41;004003;13;30;33;;;002003;13;45;15;0;55.632
3;046001;086;01;04;33;;002003;14;0;11;;;005003;14;30;30;0;55.632
3;046001;086;01;05;11;;005003;19;0;01;;;046001;19;45;45;1;55.632
3;046001;086;02;01;01;;046001;9;0;11;;;005003;9;45;45;1;55.632
3;046001;086;02;02;11;;005003;11;15;41;;;004003;11;45;30;0;55.632
3;046001;086;02;03;41;;004003;13;30;33;;;002003;13;45;15;0;55.632
3;046001;086;02;04;33;;002003;14;0;11;;;005003;14;30;30;0;55.632
3;046001;086;02;05;11;;005003;19;0;01;;;046001;19;45;45;1;55.632
3;046001;091;01;01;01;;046001;8;0;11;;;100002;8;45;45;1;55.632
3;046001;091;01;02;11;;100002;19;0;01;;;046001;20;0;60;1;55.632
3;046001;091;01;03;01;;046001;21;0;53;;;048005;21;5;5;1;55.632
3;046001;091;01;04;53;;048005;22;30;01;;;046001;22;35;5;1;55.632
3;046001;091;02;01;01;;046001;8;0;11;;;040002;9;0;60;1;55.632
3;046001;091;02;02;11;;040002;10;0;12;;;040001;10;15;15;1;55.632
3;046001;091;02;03;12;;040001;11;0;11;;;040002;11;15;15;1;55.632
3;046001;091;02;04;11;;040002;14;0;12;;;039001;14;5;5;1;55.632
3;046001;091;02;05;12;;039001;15;0;11;;;040002;15;5;5;1;55.632
3;046001;091;02;06;11;;040002;18;30;51;;;032003;19;0;30;1;55.632
3;046001;091;02;07;51;;032003;20;0;01;;;046001;20;30;30;1;55.632
3;046001;091;02;08;01;;046001;21;0;53;;;048005;21;5;5;1;55.632
3;046001;091;02;09;53;;048005;22;30;01;;;046001;22;35;5;1;55.632
3;046001;106;01;01;01;;046001;9;15;11;;;062002;9;55;40;1;55.632
3;046001;106;01;02;11;;062002;13;5;32;;;062051;13;8;3;1;55.632
3;046001;106;01;03;32;;062051;13;45;11;;;062002;13;48;3;1;55.632
3;046001;106;01;04;11;;062002;18;5;01;;;046001;18;45;40;1;55.632
3;046001;106;02;01;01;;046001;7;30;11;;;049002;7;55;25;1;55.632
3;046001;106;02;02;11;;049002;17;10;33;;;049002;17;15;5;0;55.632
3;046001;106;02;03;33;;049002;18;0;01;;;046001;18;20;20;1;55.632
3;046001;113;01;01;01;;046001;7;30;11;;;062001;8;0;30;1;55.632
3;046001;113;01;02;11;;062001;17;30;33;;;048005;17;50;20;1;55.632
3;046001;113;01;03;33;;048005;17;55;01;;;046001;18;5;10;1;55.632
3;046001;113;02;01;01;;046001;8;0;11;;;077005;8;30;30;1;55.632
3;046001;113;02;02;11;;077005;12;0;53;;;077005;12;5;5;1;55.632
3;046001;113;02;03;53;;077005;13;0;11;;;077005;13;5;5;1;55.632
3;046001;113;02;04;11;;077005;19;0;01;;;046001;19;30;30;1;55.632
3;046002;002;01;01;01;;046002;8;0;54;;;036001;8;15;15;1;55.632
3;046002;002;01;02;54;;036001;18;0;01;;;046002;18;15;15;1;55.632
3;046002;004;01;01;01;;046002;7;40;61;23;;047004;7;55;15;1;181.583
3;046002;004;01;02;63;23;047004;7;55;11;;;049003;8;0;5;1;181.583
3;046002;004;01;03;11;;049003;12;30;01;;;046002;12;45;15;1;181.583
3;046002;004;01;04;01;;046002;13;10;61;23;;047004;13;25;15;1;181.583
3;046002;004;01;05;63;23;047004;13;25;11;;;049003;13;30;5;1;181.583
3;046002;004;01;06;11;;049003;16;55;64;23;;047004;17;0;5;1;181.583
3;046002;004;01;07;62;23;047004;17;0;01;;;046002;17;20;20;1;181.583
3;046002;004;02;01;01;;046002;14;15;64;23;;047004;14;30;15;1;181.583
3;046002;004;02;02;62;23;047004;14;30;01;;;046002;14;45;15;1;181.583
3;046002;004;03;01;01;;046002;7;40;23;;;047004;7;55;15;1;181.583
3;046002;004;03;02;23;;047004;14;30;01;;;046002;14;45;15;1;181.583
3;046002;004;04;01;01;;046002;13;10;23;;;047004;13;25;15;1;181.583
3;046002;004;04;02;23;;047004;17;0;01;;;046002;17;20;20;1;181.583
3;046002;018;01;01;01;;046002;14;30;61;41;;057001;14;45;15;1;55.632
3;046002;018;01;02;61;41;057001;15;30;32;;;048001;15;45;15;1;55.632
3;046002;018;01;03;32;;048001;16;15;01;;;046002;16;30;15;1;55.632
3;046002;029;01;01;01;;046002;5;30;11;;;055051;5;50;20;1;87.006
3;046002;029;01;02;11;;055051;13;15;54;;;031006;13;35;20;1;87.006
3;046002;029;01;03;54;;031006;13;45;64;54;;047003;14;15;30;1;87.006
3;046002;029;01;04;62;54;047003;15;0;01;;;046002;15;15;15;1;87.006
3;046002;029;01;05;01;;046002;16;0;33;;;057008;16;15;15;1;87.006
3;046002;029;01;06;33;;057008;16;30;01;;;046002;16;45;15;1;87.006
3;046002;029;02;01;01;;046002;8;20;23;;;048001;8;30;10;1;87.006
3;046002;029;02;02;23;;048001;12;0;54;;;047003;12;15;15;1;87.006
3;046002;029;02;03;54;;047003;15;0;01;;;046002;15;15;15;1;87.006
3;046002;029;03;01;01;;046002;8;20;61;23;;048004;8;30;10;1;87.006
3;046002;029;03;02;63;23;048004;8;30;41;;;048005;8;45;15;1;87.006
3;046002;029;03;03;41;;048005;9;45;54;;;047003;10;0;15;1;87.006
3;046002;029;03;04;54;;047003;15;0;01;;;046002;15;15;15;1;87.006
3;046002;035;02;01;01;;046002;4;55;11;;;057008;5;15;20;1;55.632
3;046002;035;02;02;11;;057008;9;45;01;;;046002;10;0;15;1;55.632
3;046002;035;02;03;01;;046002;14;15;11;;;057008;14;30;15;1;55.632
3;046002;035;02;04;11;;057008;17;30;01;;;046002;17;45;15;1;55.632
3;046002;036;01;01;01;;046002;10;15;64;51;;049006;10;30;15;1;103.464
3;046002;036;01;02;62;51;049006;11;0;01;;;046002;11;15;15;1;103.464
3;046002;036;01;03;01;;046002;12;0;54;;;047004;12;10;10;1;103.464
3;046002;036;01;04;54;;047004;19;0;01;;;046002;19;10;10;1;103.464
3;046002;064;01;01;01;;046002;7;35;11;;;062001;8;0;25;1;103.464
3;046002;064;01;02;11;;062001;9;0;81;;9;055051;10;35;95;1;103.464
3;046002;064;01;03;81;;055051;10;35;01;;;046002;12;10;95;1;103.464
3;046002;064;01;04;01;;046002;13;40;11;;;062001;14;10;30;1;103.464
3;046002;064;01;05;11;;062001;14;40;81;;8;053051;16;10;90;1;103.464
3;046002;064;01;06;81;;053051;16;10;01;;;046002;17;40;90;1;103.464
3;046002;065;01;01;01;;046002;7;45;11;;;062001;8;15;30;1;87.006
3;046002;065;01;02;11;;062001;18;30;01;;;046002;19;0;30;1;87.006
3;046002;065;02;01;01;;046002;11;0;41;;;049006;11;15;15;1;87.006
3;046002;065;02;02;41;;049006;12;15;01;;;046002;12;30;15;1;87.006
3;046002;065;02;03;01;;046002;13;0;52;;;058001;13;30;30;1;87.006
3;046002;065;02;04;52;;058001;13;30;01;;;046002;14;0;30;1;87.006
3;046002;065;02;05;01;;046002;14;30;12;;;077001;15;0;30;1;87.006
3;046002;065;02;06;12;;077001;17;45;01;;;046002;18;15;30;1;87.006
3;046002;065;03;01;01;;046002;15;0;52;;;001001;16;30;90;2;87.006
3;046002;065;03;02;52;;001001;16;30;33;;;006003;18;0;90;0;87.006
3;046002;065;03;03;33;;006003;20;0;71;01;;003008;20;20;20;0;87.006
3;046002;065;03;04;73;01;003008;21;0;54;;;048005;21;30;30;1;87.006
3;046002;065;03;05;54;;048005;22;50;01;;;046002;23;0;10;1;87.006
3;046002;068;01;01;01;;046002;6;0;33;;;048005;6;5;5;1;55.632
3;046002;068;01;02;33;;048005;6;30;01;;;046002;6;35;5;1;55.632
3;046002;068;02;01;01;;046002;10;30;32;;;047004;10;50;20;1;55.632
3;046002;068;02;02;32;;047004;11;45;01;;;046002;12;5;20;1;55.632
3;046002;088;01;01;01;;046002;6;30;11;;;066009;6;50;20;1;55.632
3;046002;088;01;02;11;;066009;12;0;64;23;;048001;12;30;30;1;55.632
3;046002;088;01;03;62;23;048001;12;40;01;;;046002;12;50;10;1;55.632
3;046002;088;01;04;01;;046002;13;30;42;;;047001;13;45;15;0;55.632
3;046002;088;01;05;42;;047001;13;50;42;;;048005;13;55;5;0;55.632
3;046002;088;01;06;42;;048005;14;0;01;;;046002;14;20;20;0;55.632
3;046002;088;01;07;01;;046002;16;0;33;;;002003;16;30;30;1;55.632
3;046002;088;01;08;33;;002003;17;0;61;41;;002003;17;2;2;0;55.632
3;046002;088;01;09;61;41;002003;18;30;33;;;049002;19;0;30;1;55.632
3;046002;088;01;10;33;;049002;19;30;01;;;046002;19;40;10;1;55.632
3;046002;088;02;01;01;;046002;7;30;23;;;048001;7;45;15;0;55.632
3;046002;088;02;02;23;;048001;12;40;01;;;046002;12;50;10;1;55.632
3;046002;088;02;03;01;;046002;16;0;33;;;002003;16;30;30;1;55.632
3;046002;088;02;04;33;;002003;17;0;41;;;002003;17;2;2;0;55.632
3;046002;088;02;05;41;;002003;18;30;33;;;049002;19;0;30;1;55.632
3;046002;088;02;06;33;;049002;19;30;01;;;046002;19;40;10;1;55.632
3;046002;097;01;01;01;;046002;16;0;32;;;058002;16;20;20;1;55.632
3;046002;097;01;02;32;;058002;17;30;42;;;048005;17;50;20;1;55.632
3;046002;097;01;03;42;;048005;18;25;33;;;048005;18;30;5;0;55.632
3;046002;097;01;04;33;;048005;18;55;32;;;048005;19;0;5;0;55.632
3;046002;097;01;05;32;;048005;19;15;01;;;046002;19;30;15;1;55.632
3;046002;097;02;01;01;;046002;16;0;32;;;058002;16;20;20;1;55.632
3;046002;097;02;02;32;;058002;17;30;42;;;048005;17;50;20;1;55.632
3;046002;097;02;03;42;;048005;18;25;33;;;048005;18;30;5;0;55.632
3;046002;097;02;04;33;;048005;18;55;32;;;048005;19;0;5;0;55.632
3;046002;097;02;05;32;;048005;19;15;01;;;046002;19;30;15;1;55.632
3;046002;101;01;01;01;;046002;13;30;54;;;056006;13;45;15;1;87.006
3;046002;101;01;02;54;;056006;14;30;01;;;046002;14;45;15;1;87.006
3;046002;101;01;03;01;;046002;16;0;61;41;;048006;16;10;10;1;87.006
3;046002;101;01;04;63;41;048006;16;10;32;;;035053;16;35;25;1;87.006
3;046002;101;01;05;32;;035053;19;0;01;;;046002;19;30;30;1;87.006
3;046002;101;03;01;01;;046002;16;0;41;;;048006;16;10;10;1;87.006
3;046002;101;03;02;41;;048006;16;40;01;;;046002;17;0;20;0;87.006
3;046002;116;01;01;01;;046002;7;45;41;;;049002;8;5;20;1;55.632
3;046002;116;01;02;41;;049002;8;10;33;;;022001;8;45;35;1;55.632
3;046002;116;01;03;33;;022001;9;0;01;;;046002;9;30;30;1;55.632
3;046002;116;02;01;01;;046002;6;30;11;;;090051;7;15;45;1;55.632
3;046002;116;02;02;11;;090051;15;0;33;;;091005;15;5;5;1;55.632
3;046002;116;02;03;33;;091005;15;15;11;;;090051;15;20;5;1;55.632
3;046002;116;02;04;11;;090051;16;15;01;;;046002;17;0;45;1;55.632
3;046002;554;01;01;01;;046002;8;0;11;;;003005;8;30;30;1;55.632
3;046002;554;01;02;11;;003005;12;0;33;;;003005;12;5;5;0;55.632
3;046002;554;01;03;33;;003005;12;15;11;;;003005;12;20;5;0;55.632
3;046002;554;01;04;11;;003005;19;0;01;;;046002;19;30;30;1;55.632
3;046002;554;01;05;01;;046002;20;0;53;;;048005;20;10;10;0;55.632
3;046002;554;01;06;53;;048005;23;20;01;;;046002;23;30;10;0;55.632
3;046002;554;02;01;01;;046002;8;0;11;;;061005;8;15;15;1;55.632
3;046002;554;02;02;11;;061005;13;30;01;;;046002;13;45;15;1;55.632
3;046002;554;02;03;01;;046002;14;30;33;;;038004;14;45;15;1;55.632
3;046002;554;02;04;33;;038004;14;55;54;;;047001;15;10;15;1;55.632
3;046002;554;02;05;54;;047001;16;10;33;;;048005;16;20;10;1;55.632
3;046002;554;02;06;33;;048005;17;45;01;;;046002;18;0;15;1;55.632
3;046002;554;02;07;01;;046002;20;0;53;;;048005;20;10;10;0;55.632
3;046002;554;02;08;53;;048005;23;20;01;;;046002;23;30;10;0;55.632
3;057006;013;02;01;01;;057006;17;0;54;;;068006;17;30;30;1;138.023
3;057006;013;02;02;54;;068006;18;0;01;;;057006;18;30;30;1;138.023
3;057006;013;03;01;01;;057006;9;0;12;;;049004;9;20;20;1;138.023
3;057006;013;03;02;12;;049004;12;0;01;;;057006;12;20;20;1;138.023
3;057006;013;03;03;01;;057006;17;0;54;;;068006;17;30;30;1;138.023
3;057006;013;03;04;54;;068006;18;0;01;;;057006;18;30;30;1;138.023
3;057006;014;01;01;01;;057006;7;40;61;21;;057006;7;45;5;1;35.263
3;057006;014;01;02;63;21;057006;7;50;11;;;048003;8;0;10;1;35.263
3;057006;014;01;03;11;;048003;16;30;64;21;;057006;16;45;15;1;35.263
3;057006;014;01;04;62;21;057006;17;0;01;;;057006;17;5;5;1;35.263
3;057006;014;01;05;01;;057006;19;10;51;;;036006;19;30;20;1;35.263
3;057006;014;01;06;51;;036006;22;0;01;;;057006;22;20;20;1;35.263
3;057006;014;02;01;01;;057006;7;40;61;21;;057006;7;45;5;1;35.263
3;057006;014;02;02;63;21;057006;7;50;11;;;048003;8;0;10;1;35.263
3;057006;014;02;03;11;;048003;16;30;64;21;;057006;16;45;15;1;35.263
3;057006;014;02;04;62;21;057006;17;0;01;;;057006;17;5;5;1;35.263
3;057006;014;03;01;01;;057006;6;55;23;;;076002;7;50;55;2;35.263
3;057006;014;03;02;23;;076002;15;15;01;;;057006;16;30;75;2;35.263
3;057006;014;04;01;01;;057006;8;10;22;;;057005;8;20;10;1;35.263
3;057006;014;04;02;22;;057005;16;35;01;;;057006;16;40;5;1;35.263
3;057006;050;01;01;01;;057006;17;15;51;;;048006;17;35;20;1;35.263
3;057006;050;01;02;51;;048006;19;30;01;;;057006;19;50;20;1;35.263
3;057006;050;02;01;01;;057006;15;50;64;22;;057006;16;0;10;0;35.263
3;057006;050;02;02;62;22;057006;16;20;01;;;057006;16;30;10;0;35.263
3;057006;050;03;01;01;;057006;8;0;28;;;056001;8;15;15;1;35.263
3;057006;050;03;02;28;;056001;16;45;01;;;057006;17;0;15;1;35.263
3;057006;050;04;01;01;;057006;7;0;24;;;047001;7;50;50;1;35.263
3;057006;050;04;02;24;;047001;12;5;54;;;047001;12;10;5;0;35.263
3;057006;050;04;03;54;;047001;13;50;24;;;047001;13;55;5;0;35.263
3;057006;050;04;04;24;;047001;17;0;01;;;057006;17;50;50;1;35.263
3;057006;050;05;01;01;;057006;7;30;23;;;057007;8;0;30;1;35.263
3;057006;050;05;02;23;;057007;17;0;01;;;057006;17;30;30;1;35.263
3;057006;057;01;01;01;;057006;10;0;61;51;;099002;10;45;45;1;138.023
3;057006;057;01;02;61;51;099002;12;15;32;;;062051;12;35;20;1;138.023
3;057006;057;01;03;32;;062051;14;0;01;;;057006;14;30;30;1;138.023
3;057006;057;02;01;01;;057006;10;0;51;;;099002;10;45;45;1;138.023
3;057006;057;02;02;51;;099002;12;15;32;;;062051;12;35;20;1;138.023
3;057006;057;02;03;32;;062051;14;0;01;;;057006;14;30;30;1;138.023
3;057006;059;02;01;01;;057006;14;0;32;;;002001;16;30;150;1;75.375
3;057006;059;02;02;32;;002001;16;30;01;;;057006;19;0;150;1;75.375
3;057006;061;01;01;01;;057006;14;0;54;;;057008;14;10;10;1;75.375
3;057006;061;01;02;54;;057008;16;30;01;;;057006;16;40;10;1;75.375
3;057006;061;02;01;01;;057006;15;0;33;;;048005;15;15;15;1;75.375
3;057006;061;02;02;33;;048005;15;30;52;;;048005;17;30;120;0;75.375
3;057006;061;02;03;52;;048005;17;30;01;;;057006;19;30;120;1;75.375
3;057006;065;01;01;01;;057006;10;30;43;;;001002;12;0;90;1;142.288
3;057006;065;01;02;43;;001002;15;0;01;;;057006;16;30;90;1;142.288
3;057006;066;01;01;01;;057006;7;0;11;;;076003;7;45;45;1;35.263
3;057006;066;01;02;11;;076003;12;0;33;;;076054;12;10;10;0;35.263
3;057006;066;01;03;33;;076054;12;10;41;;;076003;12;45;35;0;35.263
3;057006;066;01;04;41;;076003;13;0;11;;;076003;13;30;30;0;35.263
3;057006;066;01;05;11;;076003;18;30;51;;;068006;19;0;30;1;35.263
3;057006;066;01;06;51;;068006;21;30;01;;;057006;22;10;40;1;35.263
3;057006;066;02;01;01;;057006;8;0;11;;;057007;8;15;15;1;35.263
3;057006;066;02;02;11;;057007;11;15;33;;;057007;11;17;2;0;35.263
3;057006;066;02;03;33;;057007;11;30;11;;;057007;11;32;2;0;35.263
3;057006;066;02;04;11;;057007;17;0;54;;;057006;17;10;10;1;35.263
3;057006;066;02;05;54;;057006;17;45;01;;;057006;17;50;5;1;35.263
3;057006;066;02;06;01;;057006;17;55;61;51;;057006;18;10;15;1;35.263
3;057006;066;02;07;63;51;057006;18;10;51;;;057006;18;20;10;1;35.263
3;057006;066;02;08;51;;057006;20;15;11;;;057007;20;30;15;1;35.263
3;057006;066;02;09;11;;057007;22;30;01;;;057006;22;40;10;1;35.263
3;057006;066;03;01;01;;057006;9;15;52;;;038001;10;45;90;2;35.263
3;057006;066;03;02;52;;038001;10;45;01;;;057006;12;15;90;2;35.263
3;057006;066;04;01;01;;057006;8;45;24;;;056002;9;0;15;1;35.263
3;057006;066;04;02;24;;056002;12;0;01;;;057006;13;0;60;1;35.263
3;057006;066;04;03;01;;057006;19;30;53;;;057005;19;45;15;0;35.263
3;057006;066;04;04;53;;057005;21;0;54;;;057006;21;30;30;0;35.263
3;057006;066;04;05;54;;057006;24;0;01;;;057006;24;10;10;1;35.263
3;057006;066;05;01;01;;057006;8;0;61;11;;057007;8;15;15;1;35.263
3;057006;066;05;02;63;11;057007;9;0;23;;;057009;9;10;10;0;35.263
3;057006;066;05;03;23;;057009;12;22;54;;;057006;12;45;23;1;35.263
3;057006;066;05;04;54;;057006;13;40;23;;;057009;13;55;15;1;35.263
3;057006;066;05;05;23;;057009;15;0;54;;;057006;15;20;20;1;35.263
3;057006;066;05;06;54;;057006;17;45;01;;;057006;17;50;5;1;35.263
3;057006;066;05;07;01;;057006;17;55;51;;;057006;18;10;15;1;35.263
3;057006;066;05;08;51;;057006;19;30;01;;;057006;19;45;15;1;35.263
3;057006;084;01;01;01;;057006;7;30;61;24;;047001;7;50;20;1;103.965
3;057006;084;01;02;63;24;047001;7;50;11;;;063005;8;30;40;1;103.965
3;057006;084;01;03;11;;063005;12;0;33;;;062051;12;10;10;0;103.965
3;057006;084;01;04;33;;062051;12;30;11;;;063005;12;40;10;0;103.965
3;057006;084;01;05;11;;063005;17;0;64;54;;048005;17;30;30;1;103.965
3;057006;084;01;06;62;54;048005;17;30;01;;;057006;18;0;30;1;103.965
3;057006;084;02;01;11;;002002;11;0;33;;;048003;11;30;30;1;103.965
3;057006;084;02;02;33;;048003;11;35;01;;;057006;11;45;10;1;103.965
3;057006;084;03;01;01;;057006;7;30;24;;;047001;7;50;20;1;103.965
3;057006;084;03;02;24;;047001;12;30;54;;;048005;12;45;15;0;103.965
3;057006;084;03;03;54;;048005;15;0;52;;;048005;16;0;60;0;103.965
3;057006;084;03;04;52;;048005;16;0;54;;;048005;17;0;60;0;103.965
3;057006;084;03;05;54;;048005;17;30;01;;;057006;18;0;30;1;103.965
3;057006;084;04;01;01;;057006;7;30;24;;;047001;7;57;27;1;103.965
3;057006;084;04;02;24;;047001;12;0;54;;;048005;12;15;15;0;103.965
3;057006;084;04;03;54;;048005;17;20;01;;;057006;18;0;40;1;103.965
3;057007;005;01;01;01;;057007;9;30;41;;;007006;10;30;60;1;75.375
3;057007;005;01;02;41;;007006;11;15;01;;;057007;12;0;45;1;75.375
3;057007;005;01;03;01;;057007;16;0;61;41;;057001;16;20;20;1;75.375
3;057007;005;01;04;63;41;057001;16;30;33;;;057001;16;40;10;0;75.375
3;057007;005;01;05;33;;057001;16;50;61;41;;057001;17;0;10;0;75.375
3;057007;005;01;06;63;41;057001;17;10;01;;;057007;17;30;20;1;75.375
3;057007;005;02;01;01;;057007;16;0;41;;;057001;16;20;20;1;75.375
3;057007;005;02;02;41;;057001;17;10;01;;;057007;17;30;20;1;75.375
3;057007;007;01;01;01;;057007;11;0;33;;;057007;11;10;10;1;75.375
3;057007;007;01;02;33;;057007;11;20;01;;;057007;11;30;10;1;75.375
3;057007;031;01;01;01;;057007;11;0;64;23;;048001;11;20;20;1;103.965
3;057007;031;01;02;62;23;048001;11;30;01;;;057007;11;45;15;1;103.965
3;057007;031;01;03;01;;057007;13;15;61;51;;057009;13;20;5;1;103.965
3;057007;031;01;04;63;51;057009;13;20;61;51;;057009;13;25;5;1;103.965
3;057007;031;01;05;63;51;057009;13;25;33;;;057007;13;35;10;1;103.965
3;057007;031;01;06;33;;057007;13;45;01;;;057007;13;50;5;1;103.965
3;057007;031;01;07;01;;057007;14;30;64;51;;057009;14;35;5;1;103.965
3;057007;031;01;08;62;51;057009;14;35;64;51;;057009;14;40;5;1;103.965
3;057007;031;01;09;62;51;057009;14;40;01;;;057007;14;50;10;1;103.965
3;057007;031;01;10;01;;057007;16;0;32;;;038051;16;30;30;1;103.965
3;057007;031;01;11;32;;038051;18;30;01;;;057007;19;0;30;1;103.965
3;057007;031;02;01;01;;057007;7;30;61;23;;048001;7;50;20;1;103.965
3;057007;031;02;02;63;23;048001;7;51;81;;10;096006;10;18;147;1;103.965
3;057007;031;02;03;81;;096006;10;18;01;;;057007;12;45;147;1;103.965
3;057007;031;02;04;01;;057007;13;45;81;;15;090002;16;30;165;1;103.965
3;057007;031;02;05;81;;090002;16;30;01;;;057007;19;15;165;1;103.965
3;057007;031;03;01;01;;057007;7;30;23;;;048001;7;50;20;1;103.965
3;057007;031;03;02;23;;048001;11;30;01;;;057007;11;45;15;1;103.965
3;057007;031;03;03;01;;057007;13;15;51;;;057009;13;20;5;1;103.965
3;057007;031;03;04;51;;057009;14;35;64;51;;057009;14;40;5;1;103.965
3;057007;031;03;05;62;51;057009;14;40;01;;;057007;14;50;10;1;103.965
3;057007;031;03;06;01;;057007;16;0;32;;;038051;16;30;30;1;103.965
3;057007;031;03;07;32;;038051;18;30;01;;;057007;19;0;30;1;103.965
3;057007;031;04;01;01;;057007;13;15;61;51;;057009;13;20;5;1;103.965
3;057007;031;04;02;63;51;057009;13;20;51;;;057009;13;25;5;1;103.965
3;057007;031;04;03;51;;057009;14;40;01;;;057007;14;50;10;1;103.965
3;057007;031;04;04;01;;057007;16;0;32;;;038051;16;30;30;1;103.965
3;057007;031;04;05;32;;038051;18;30;01;;;057007;19;0;30;1;103.965
3;057007;035;01;01;01;;057007;7;0;11;;;200005;8;15;75;2;103.965
3;057007;035;01;02;11;;200005;17;30;01;;;057007;19;0;90;2;103.965
3;057007;035;02;01;01;;057007;7;0;11;;;200005;8;15;75;2;103.965
3;057007;035;02;02;11;;200005;17;30;01;;;057007;19;0;90;2;103.965
3;057007;035;03;01;01;;057007;7;15;24;;;047001;7;45;30;1;103.965
3;057007;035;03;02;24;;047001;17;25;01;;;057007;18;0;35;1;103.965
3;057007;035;04;01;01;;057007;8;0;23;;;057007;8;20;20;0;103.965
3;057007;035;04;02;23;;057007;17;5;01;;;057007;17;25;20;0;103.965
3;057007;036;01;01;01;;057007;9;15;41;;;015001;9;45;30;1;75.375
3;057007;036;01;02;41;;015001;11;30;01;;;057007;12;0;30;1;75.375
3;057007;036;02;01;01;;057007;9;30;52;;;057007;10;15;45;0;75.375
3;057007;036;02;02;52;;057007;10;15;01;;;057007;11;0;45;0;75.375
3;057007;047;02;01;01;;057007;8;45;11;;;048006;9;0;15;1;103.965
3;057007;047;02;02;11;;048006;12;15;01;;;057007;12;30;15;1;103.965
3;057007;047;02;03;01;;057007;14;45;11;;;048006;15;0;15;1;103.965
3;057007;047;02;04;11;;048006;19;15;01;;;057007;19;30;15;1;103.965
3;057007;047;03;01;01;;057007;7;30;25;;;010003;8;15;45;1;103.965
3;057007;047;03;02;25;;010003;18;0;01;;;057007;19;0;60;1;103.965
3;057007;049;01;01;01;;057007;6;30;11;;;048003;6;40;10;1;103.965
3;057007;049;01;02;11;;048003;18;15;33;;;047002;18;40;25;1;103.965
3;057007;049;01;03;33;;047002;18;41;01;;;057007;19;5;24;1;103.965
3;057007;049;02;01;01;;057007;8;45;11;;;077053;9;10;25;1;103.965
3;057007;049;02;02;11;;077053;19;10;01;;;057007;19;30;20;1;103.965
3;057007;049;02;03;01;;057007;25;0;64;54;;048005;25;10;10;1;103.965
3;057007;049;02;04;62;54;048005;25;10;01;;;057007;25;20;10;1;103.965
3;057007;049;03;01;01;;057007;7;15;24;;;047001;7;50;35;1;103.965
3;057007;049;03;02;24;;047001;15;0;01;;;057007;16;0;60;1;103.965
3;057007;049;03;03;01;;057007;19;15;54;;;057002;19;45;30;0;103.965
3;057007;049;03;04;54;;057002;20;30;54;;;048005;20;45;15;1;103.965
3;057007;049;03;05;54;;048005;25;10;01;;;057007;25;20;10;1;103.965
3;057007;049;04;01;01;;057007;7;15;24;;;047001;7;50;35;1;103.965
3;057007;049;04;02;24;;047001;15;0;01;;;057007;16;0;60;1;103.965
3;057007;051;01;01;01;;057007;9;30;91;;;022004;10;5;35;1;75.375
3;057007;051;01;02;91;;022004;14;30;91;;;005001;14;45;15;1;75.375
3;057007;051;01;03;91;;005001;15;0;51;;;001003;15;10;10;1;75.375
3;057007;051;01;04;51;;001003;16;45;91;;;022004;17;0;15;1;75.375
3;057007;051;01;05;91;;022004;23;20;01;;;057007;23;45;25;1;75.375
3;057007;051;02;01;01;;057007;9;15;51;;;036051;9;40;25;1;75.375
3;057007;051;02;02;51;;036051;11;0;54;;;006001;11;45;45;1;75.375
3;057007;051;02;03;54;;006001;13;30;32;;;048004;14;15;45;1;75.375
3;057007;051;02;04;32;;048004;14;40;01;;;057007;14;50;10;1;75.375
3;057007;051;02;05;01;;057007;17;0;51;;;036051;17;30;30;1;75.375
3;057007;051;02;06;51;;036051;18;45;01;;;057007;19;15;30;1;75.375
3;057007;052;01;01;01;;057007;13;45;51;;;057007;14;0;15;0;142.288
3;057007;052;01;02;51;;057007;18;0;01;;;057007;18;15;15;0;142.288
3;057007;062;01;01;01;;057007;12;55;54;;;038002;13;15;20;1;75.375
3;057007;062;01;02;54;;038002;17;0;54;;;057007;17;20;20;1;75.375
3;057007;062;01;03;54;;057007;17;45;01;;;057007;17;50;5;1;75.375
3;057007;062;02;01;01;;057007;10;0;54;;;048005;10;30;30;1;75.375
3;057007;062;02;02;54;;048005;11;30;01;;;057007;12;0;30;1;75.375
3;057007;062;02;03;01;;057007;12;5;32;;;057007;12;12;7;1;75.375
3;057007;062;02;04;32;;057007;12;20;33;;;057007;12;21;1;1;75.375
3;057007;062;02;05;33;;057007;12;22;01;;;057007;12;30;8;1;75.375
3;057007;062;02;06;01;;057007;15;30;54;;;036006;15;45;15;1;75.375
3;057007;062;02;07;54;;036006;16;25;54;;;036006;16;30;5;1;75.375
3;057007;062;02;08;54;;036006;16;45;64;23;;047001;16;55;10;1;75.375
3;057007;062;02;09;62;23;047001;17;20;61;51;;046003;17;25;5;1;75.375
3;057007;062;02;10;63;51;046003;17;30;01;;;057007;17;45;15;1;75.375
3;057007;063;01;01;01;;057007;8;15;33;;;057007;8;18;3;0;75.375
3;057007;063;01;02;33;;057007;8;25;01;;;057007;8;28;3;0;75.375
3;057007;063;01;03;01;;057007;9;0;33;;;048005;9;30;30;1;75.375
3;057007;063;01;04;33;;048005;9;40;52;;;048005;10;50;70;0;75.375
3;057007;063;01;05;52;;048005;10;50;01;;;057007;12;0;70;1;75.375
3;057007;063;02;01;01;;057007;9;0;64;01;;057007;9;5;5;1;75.375
3;057007;063;02;02;62;01;057007;9;15;61;41;;057007;9;20;5;1;75.375
3;057007;063;02;03;61;41;057007;11;0;33;;;049002;11;15;15;1;75.375
3;057007;063;02;04;33;;049002;11;20;52;;;049002;11;45;25;0;75.375
3;057007;063;02;05;52;;049002;11;45;53;;;049005;12;10;25;1;75.375
3;057007;063;02;06;53;;049005;14;0;52;;;049005;15;7;67;0;75.375
3;057007;063;02;07;52;;049005;15;7;61;41;;048003;16;14;67;1;75.375
3;057007;063;02;08;61;41;048003;17;0;54;;;057007;17;10;10;1;75.375
3;057007;063;02;09;54;;057007;19;10;01;;;057007;19;15;5;1;75.375
3;057007;077;01;01;01;;057007;7;30;61;21;;046004;7;45;15;1;138.023
3;057007;077;01;02;63;21;046004;7;50;11;;;046004;8;0;10;1;138.023
3;057007;077;01;03;11;;046004;17;15;64;21;;046004;17;25;10;1;138.023
3;057007;077;01;04;62;21;046004;17;30;01;;;057007;17;50;20;1;138.023
3;057007;077;02;01;01;;057007;7;15;11;;;097005;8;0;45;1;138.023
3;057007;077;02;02;11;;097005;12;0;51;;;097005;12;5;5;0;138.023
3;057007;077;02;03;51;;097005;13;0;53;;;097005;13;5;5;0;138.023
3;057007;077;02;04;53;;097005;13;50;11;;;097005;13;55;5;0;138.023
3;057007;077;02;05;11;;097005;17;15;42;;;057007;18;0;45;1;138.023
3;057007;077;02;06;42;;057007;18;10;01;;;057007;18;20;10;1;138.023
3;057007;081;01;01;01;;057007;11;15;64;22;;057007;11;22;7;1;35.263
3;057007;081;01;02;62;22;057007;11;25;64;22;;057007;11;30;5;0;35.263
3;057007;081;01;03;62;22;057007;11;31;01;;;057007;11;43;12;1;35.263
3;057007;081;01;04;01;;057007;16;20;64;22;;057007;16;25;5;1;35.263
3;057007;081;01;05;62;22;057007;16;30;64;22;;057007;16;35;5;0;35.263
3;057007;081;01;06;62;22;057007;16;40;61;51;;057007;16;45;5;0;35.263
3;057007;081;01;07;63;51;057007;16;46;01;;;057007;17;0;14;1;35.263
3;057007;081;02;01;01;;057007;8;15;61;22;;057007;8;20;5;1;35.263
3;057007;081;02;02;63;22;057007;8;21;61;22;;057007;8;23;2;1;35.263
3;057007;081;02;03;63;22;057007;8;24;11;;;058051;8;40;16;1;35.263
3;057007;081;02;04;11;;058051;12;0;01;;;057007;12;10;10;1;35.263
3;057007;081;02;05;01;;057007;13;15;61;22;;057007;13;20;5;1;35.263
3;057007;081;02;06;63;22;057007;13;21;61;22;;057007;13;23;2;1;35.263
3;057007;081;02;07;63;22;057007;13;24;11;;;058051;13;35;11;1;35.263
3;057007;081;02;08;11;;058051;17;45;64;51;;057007;18;0;15;1;35.263
3;057007;081;02;09;62;51;057007;18;5;01;;;057007;18;15;10;1;35.263
3;057007;081;03;01;01;;057007;8;15;61;22;;057007;8;20;5;1;35.263
3;057007;081;03;02;63;22;057007;8;21;22;;;057007;8;23;2;1;35.263
3;057007;081;03;03;22;;057007;11;31;01;;;057007;11;43;12;1;35.263
3;057007;081;03;04;01;;057007;13;15;61;22;;057007;13;20;5;1;35.263
3;057007;081;03;05;63;22;057007;13;21;22;;;057007;13;23;2;1;35.263
3;057007;081;03;06;22;;057007;16;40;51;;;057007;16;45;5;0;35.263
3;057007;081;03;07;51;;057007;18;5;01;;;057007;18;15;10;1;35.263
3;057007;081;04;01;01;;057007;8;15;61;22;;057007;8;20;5;1;35.263
3;057007;081;04;02;63;22;057007;8;21;22;;;057007;8;23;2;1;35.263
3;057007;081;04;03;22;;057007;11;31;01;;;057007;11;43;12;1;35.263
3;057007;081;04;04;01;;057007;13;15;61;22;;057007;13;20;5;1;35.263
3;057007;081;04;05;63;22;057007;13;21;22;;;057007;13;23;2;1;35.263
3;057007;081;04;06;22;;057007;16;40;51;;;057007;16;45;5;0;35.263
3;057007;081;04;07;51;;057007;18;5;01;;;057007;18;15;10;1;35.263
3;057008;001;01;01;01;;057008;7;20;61;23;;058004;7;45;25;1;103.965
3;057008;001;01;02;63;23;058004;7;45;11;;;057001;7;50;5;1;103.965
3;057008;001;01;03;11;;057001;12;30;01;;;057008;12;40;10;1;103.965
3;057008;001;01;04;01;;057008;16;20;11;;;057001;16;30;10;1;103.965
3;057008;001;01;05;11;;057001;19;30;01;;;057008;19;40;10;1;103.965
3;057008;001;02;01;01;;057008;7;30;61;23;;058004;7;45;15;1;103.965
3;057008;001;02;02;63;23;058004;7;45;11;;;057001;7;50;5;1;103.965
3;057008;001;02;03;11;;057001;12;30;01;;;057008;12;40;10;1;103.965
3;057008;001;02;04;01;;057008;16;20;11;;;057001;16;30;10;1;103.965
3;057008;001;02;05;11;;057001;19;30;01;;;057008;19;40;10;1;103.965
3;057008;001;03;01;01;;057008;7;15;24;;;047001;7;40;25;1;103.965
3;057008;001;03;02;24;;047001;16;10;01;;;057008;16;40;30;1;103.965
3;057008;001;04;01;01;;057008;7;30;23;;;058004;7;45;15;1;103.965
3;057008;001;04;02;23;;058004;17;5;01;;;057008;17;30;25;1;103.965
3;057008;002;01;01;01;;057008;8;15;61;22;;057008;8;20;5;1;35.263
3;057008;002;01;02;63;22;057008;8;35;01;;;057008;8;40;5;1;35.263
3;057008;002;01;03;01;;057008;10;30;32;;;035005;10;50;20;1;35.263
3;057008;002;01;04;32;;035005;12;30;01;;;057008;12;50;20;1;35.263
3;057008;002;01;05;01;;057008;16;15;64;22;;057008;16;20;5;1;35.263
3;057008;002;01;06;62;22;057008;16;35;01;;;057008;16;40;5;1;35.263
3;057008;002;02;01;01;;057008;17;30;11;;;057007;17;40;10;1;35.263
3;057008;002;02;02;11;;057007;21;50;01;;;057008;22;0;10;1;35.263
3;057008;002;03;01;01;;057008;8;15;22;;;057008;8;20;5;1;35.263
3;057008;002;03;02;22;;057008;16;35;01;;;057008;16;40;5;1;35.263
3;057008;002;04;01;01;;057008;8;15;22;;;057008;8;20;5;1;35.263
3;057008;002;04;02;22;;057008;16;35;01;;;057008;16;40;5;1;35.263
3;057008;003;01;01;01;;057008;10;0;41;;;019004;10;45;45;1;142.288
3;057008;003;01;02;41;;019004;11;30;42;;;008005;12;0;30;1;142.288
3;057008;003;01;03;42;;008005;12;30;32;;;057008;13;0;30;1;142.288
3;057008;003;01;04;32;;057008;13;45;01;;;057008;14;0;15;1;142.288
3;057008;003;01;05;01;;057008;16;0;64;22;;068001;16;30;30;1;142.288
3;057008;003;01;06;62;22;068001;16;40;01;;;057008;17;10;30;1;142.288
3;057008;020;01;01;01;;057008;10;0;32;;;057007;10;10;10;1;75.375
3;057008;020;01;02;32;;057007;10;50;01;;;057008;11;0;10;1;75.375
3;057008;020;01;03;01;;057008;14;0;61;41;;021002;14;40;40;1;75.375
3;057008;020;01;04;61;41;021002;16;40;01;;;057008;17;0;20;1;75.375
3;057008;020;02;01;01;;057008;10;0;32;;;057007;10;10;10;1;75.375
3;057008;020;02;02;32;;057007;10;50;01;;;057008;11;0;10;1;75.375
3;057008;020;02;03;01;;057008;14;0;41;;;021002;14;40;40;1;75.375
3;057008;020;02;04;41;;021002;16;40;01;;;057008;17;0;20;1;75.375
3;057008;026;01;01;01;;057008;7;30;11;;;092002;8;10;40;1;138.023
3;057008;026;01;02;11;;092002;18;45;01;;;057008;19;20;35;1;138.023
3;057008;026;02;01;01;;057008;11;0;11;;;058004;11;15;15;1;138.023
3;057008;026;02;02;11;;058004;20;30;01;;;057008;20;45;15;1;138.023
3;057008;026;03;01;01;;057008;7;40;23;;;057009;8;10;30;1;138.023
3;057008;026;03;02;23;;057009;16;0;01;;;057008;16;30;30;1;138.023
3;057008;028;01;01;01;;057008;7;30;11;;;200005;8;15;45;1;103.965
3;057008;028;01;02;11;;200005;18;0;01;;;057008;19;15;75;1;103.965
3;057008;028;02;01;01;;057008;8;0;61;22;;075011;8;15;15;1;103.965
3;057008;028;02;02;63;22;075011;8;20;32;;;062051;9;0;40;1;103.965
3;057008;028;02;03;32;;062051;11;15;01;;;057008;12;0;45;1;103.965
3;057008;028;02;04;01;;057008;16;15;64;22;;075011;16;30;15;1;103.965
3;057008;028;02;05;62;22;075011;16;35;01;;;057008;16;55;20;1;103.965
3;057008;028;03;01;01;;057008;8;0;22;;;075011;8;15;15;1;103.965
3;057008;028;03;02;22;;075011;16;35;01;;;057008;16;55;20;1;103.965
3;057008;028;04;01;01;;057008;8;0;22;;;075011;8;15;15;1;103.965
3;057008;028;04;02;22;;075011;16;35;01;;;057008;16;55;20;1;103.965
3;057008;033;01;01;01;;057008;10;0;54;;;057007;10;5;5;1;75.375
3;057008;033;01;02;54;;057007;11;15;54;;;030004;12;0;45;1;75.375
3;057008;033;01;03;54;;030004;13;45;61;42;;030001;13;55;10;1;75.375
3;057008;033;01;04;63;42;030001;15;10;61;01;;030004;15;20;10;1;75.375
3;057008;033;01;05;63;01;030004;15;25;32;;;057008;15;50;25;1;75.375
3;057008;033;01;06;32;;057008;16;25;01;;;057008;16;30;5;1;75.375
3;057008;033;02;01;01;;057008;7;30;11;;;035051;7;55;25;1;75.375
3;057008;033;02;02;11;;035051;17;45;01;;;057008;18;15;30;1;75.375
3;057008;045;01;01;01;;057008;13;45;41;;;048001;14;0;15;1;138.023
3;057008;045;01;02;41;;048001;14;50;64;23;;057007;15;10;20;1;138.023
3;057008;045;01;03;62;23;057007;15;15;01;;;057008;15;30;15;1;138.023
3;057008;045;02;01;01;;057008;8;0;12;;;077001;8;30;30;1;138.023
3;057008;045;02;02;12;;077001;18;0;01;;;057008;18;30;30;1;138.023
3;057008;045;03;01;01;;057008;7;30;23;;;057007;7;55;25;1;138.023
3;057008;045;03;02;23;;057007;15;15;01;;;057008;15;30;15;1;138.023
3;057008;055;01;01;01;;057008;8;0;12;;;088004;8;40;40;1;103.965
3;057008;055;01;02;12;;088004;17;0;01;;;057008;17;45;45;1;103.965
3;057008;055;02;01;01;;057008;8;0;11;;;048002;8;15;15;1;103.965
3;057008;055;02;02;11;;048002;15;45;01;;;057008;16;0;15;1;103.965
3;057008;055;03;01;01;;057008;7;30;11;;;048002;8;20;50;2;103.965
3;057008;055;03;02;11;;048002;17;0;01;;;057008;18;0;60;2;103.965
3;057008;055;04;01;01;;057008;8;45;23;;;057007;9;0;15;1;103.965
3;057008;055;04;02;23;;057007;17;0;01;;;057008;17;30;30;1;103.965
3;057008;060;01;01;01;;057008;7;30;12;;;028003;8;15;45;1;138.023
3;057008;060;01;02;12;;028003;12;0;01;;;057008;12;30;30;1;138.023
3;057008;060;01;03;01;;057008;13;30;12;;;028003;14;0;30;1;138.023
3;057008;060;01;04;12;;028003;17;30;01;;;057008;18;15;45;1;138.023
3;057008;060;02;01;01;;057008;14;30;64;01;;036001;14;45;15;1;138.023
3;057008;060;02;02;62;01;036001;14;45;33;;;002002;15;15;30;1;138.023
3;057008;060;02;03;33;;002002;16;0;61;01;;036001;16;45;45;1;138.023
3;057008;060;02;04;63;01;036001;16;45;01;;;057008;17;0;15;1;138.023
3;057008;060;03;01;01;;057008;14;45;43;;;005003;15;10;25;1;138.023
3;057008;060;03;02;43;;005003;16;0;32;;;002001;16;10;10;1;138.023
3;057008;060;03;03;32;;002001;16;45;01;;;057008;17;15;30;1;138.023
3;057008;060;03;04;01;;057008;21;30;51;;;035053;21;50;20;1;138.023
3;057008;060;03;05;51;;035053;22;5;01;;;057008;22;30;25;1;138.023
3;057009;018;02;01;01;;057009;9;30;33;;;048002;9;45;15;1;75.375
3;057009;018;02;02;33;;048002;10;0;32;;;048002;10;5;5;1;75.375
3;057009;018;02;03;32;;048002;10;40;01;;;057009;10;50;10;1;75.375
3;057009;034;01;01;01;;057009;9;30;52;;;045005;13;0;210;2;142.288
3;057009;034;01;02;52;;045005;13;0;54;;;048005;16;30;210;2;142.288
3;057009;034;01;03;54;;048005;16;50;41;;;048005;17;0;10;1;142.288
3;057009;034;01;04;41;;048005;18;0;01;;;057009;18;20;20;1;142.288
3;057009;038;01;01;01;;057009;6;30;11;;;090001;7;10;40;1;75.375
3;057009;038;01;02;11;;090001;7;30;12;;;100001;8;0;30;1;75.375
3;057009;038;01;03;12;;100001;16;30;01;;;057009;17;15;45;1;75.375
3;057009;038;01;04;01;;057009;17;30;33;;;047001;18;0;30;1;75.375
3;057009;038;01;05;33;;047001;18;5;01;;;057009;18;35;30;1;75.375
3;057009;038;02;01;01;;057009;8;0;12;;;049006;8;30;30;1;75.375
3;057009;038;02;02;12;;049006;12;0;01;;;057009;12;30;30;1;75.375
3;057009;038;02;03;01;;057009;14;0;12;;;049006;14;30;30;1;75.375
3;057009;038;02;04;12;;049006;17;0;01;;;057009;17;30;30;1;75.375
3;057009;038;02;05;01;;057009;17;30;33;;;047001;18;0;30;1;75.375
3;057009;038;02;06;33;;047001;18;5;01;;;057009;18;35;30;1;75.375
3;057009;041;01;01;01;;057009;13;0;32;;;035053;13;30;30;1;75.375
3;057009;041;01;02;32;;035053;18;0;01;;;057009;18;30;30;1;75.375
3;057009;042;02;01;01;;057009;13;15;51;;;058004;13;45;30;1;75.375
3;057009;042;02;02;51;;058004;17;0;01;;;057009;17;30;30;1;75.375
