id,categories,types
0,0&&32%_%_::97019$1&&50%_%_::46490$2&&10%_%_::72951$3&&69%_%_::44619$4&&60%_%_::39034$5&&80%_%_::26985$6&&103%_%_::15065$,home::1.0806808620787177E7$Annexe::2946020.7099995296$office::3715867.0004523303$health related activity::142708.2765800922$other_activity::296920.8511784753$restaurant::202937.6315867082$shop::462522.3865162351$farm::313870.2700002269$leisure and sport::1473912.7198814661$university::373015.03688784305$car_rental::12837.964178640692$parking::755062.107903379$school::272384.1199722452$fountain::371581.23394678603$semidetached_house::201.98000000231434$roof::91574.99356467008$recycling::348374.68937198404$public::27735.729886217432$architect::559.4449999983783$social_facility::83249.09097708756$bench::915084.1257793532$fabric::1532.2800000100792$parking_entrance::42903.2466512335$workship::3545.5049999883972$service::3393.6099999970093$doityourself::11781.404999938548$electrical::736.1099999940058$toilets::24816.276411450828$shed::995.6570850217254$hut::328.33000000084166$dormitory::338571.44751715835$bicycle_parking::9994.743408314704$warehouse::1486.0899999650803$greenhouse::8512.260000041264$newsagent::3160.8504550479734$sport::39218.173775584364$atm::2789.334999994553$community_centre::13003.29701103337$drinking_water::573522.0682074975$college::4576.545000005573$outside_sport::18230.93145726482$construction::38435.37323765475$rugby_union::37158.15892955259$shelter::136.97336165990305$post_box::35830.442866189536$motorcycle_repair::414.8400000075426$moving_company::223.485000006177$bed::406.83500000436675$vacant::1707.2149999957962$climbing::563.2699999953865$cinema::3642.345000008833$clock::1503.4649999980957$leisure::10521.877019110412$tattoo::923.5649999892363$variety_store::1258.3099999995354$music::600.2700000091817$pergola::673.6538405124576$vending_machine::333577.5550398958$deli::2529.935000012336$video::342.0699999971618$driving_school::2200.1099999949834$hangar::715.304999994142$diplomatic::1741.529999975725$kindergarten::2674.3400000058664$photo::1198.9949999949208$carport::36.520000000101284$stadium::3175.7899999999986$luggage_locker::206.47500000346918$croquet::196.76535241249053$baseball::740.1205354528402$fire_station::1791.3850001497813$motorcycle_parking::37779.35220517398$running::42563.35364633685$wayside_cross::1581.1238826448232$table_tennis::6229.7899999819365$building:part::761.1699999969871$window_blind::1841.5099999932258$soccer;basketball;volleyball::800.7207729092698$car_wash::216.9099999960547$dietetary::186.72999999354244$motorcycle::2104.269999984228$surfing::174.20000000001164$paddle_tennis::1263.038556992048$political_party::1376.3900000076824$ticket::396.74499999011283$hearing_aids::469.75499999989864$games::399.7849999972945$money_transfer::201.39000000902683$bag::557.7449999977555$mortuary::725.6799999983679$waste_basket::1284.8515324685918$car_pooling::2267.3499999984215$taxi::556.2750000140629$incubator::297.65499999892666$handball;badminton;basketball::3073.8849999866306$jiu-jitsu::474.7150000035961$mall::790.1200000091875$data_center::5102.6500000160195$car_parts::16220.164999923061$organic::1001.5149999952956$spices::143.21999999492664$craft::286.6600000007346$tennis;volleyball::2384.0008540085905$basketball;tennis::112.12000000978703$bowls::146.53977702226143$funeral_directors::501.78000000181373$clinic::1237.5899999926705$household_linen::324.71499999984746$park::6200.0450000174815$transportation::5545.955000034067$childcare::804.7200000144379$scuba_diving::817.0600000017241$caravan::3315.8685399974297$garage::809.4149999916692$lighting::518.5599999943142$soccer;basketball::840.5098605891593$
1,7&&80%_%_::1109$8&&50%_%_::1992$9&&32%_%_::4173$10&&10%_%_::3065$11&&60%_%_::1553$12&&69%_%_::1826$13&&103%_%_::629$,home::1152683.1521074146$office::385687.0400002568$other_activity::22026.68528973574$public::339.83500000425613$Annexe::224664.51499996867$parking::249308.53962745267$leisure and sport::240685.37909185182$motorcycle_parking::1883.7599079698534$health related activity::590.7799999844389$farm::38042.48500005051$shop::96425.06152681481$restaurant::4785.98500001244$rental::1202.5000000047728$social_facility::62275.26090846061$college::852.3874161972557$bench::155.30759277251144$water_point::111.53613981800974$first_aid::424.2499999952211$drinking_water::26637.886105510563$multi;basketball::26637.886105510563$service::26809.984624172484$community_centre::27427.341105511223$skateboard;roller_skating;bmx::26637.886105510563$pelota;basketball::26637.886105510563$multi;basketball;handball::26637.886105510563$sport::8830.067759292502$car_wash::103.15999999991385$fountain::115842.53497977305$greenhouse::17876.530000016$pavilion::376.75000000618166$letter_box::1012.2927758674016$roof::2053.83643715731$school::30124.378623919845$post_box::8027.770000003776$baby_goods::1635.3549999991421$boat_storage::7765.918562624447$table_tennis::39.9132598544085$construction::4956.236322271151$soccer;rugby::8901.957595514921$toilets::183.2099999951059$outside_sport::5647.779997166032$fishing::830.2499999962165$reception_desk::502.6450000079244$parking_space::76.2051746893938$telecommunication::2393.2449999986925$dive_centre::4353.8290344596735$motorcycle::847.3032681055954$reception::332.1000000027707$photo::1100.2549999980126$food_court::179.08499999802208$bicycle_parking::5841.9307222737825$shed::31.40000000355067$carport::29.979999998274725$kindergarten::1265.78500000322$parking_entrance::24303.529999942155$catering::103.76499999975435$tower::41.50999999843538$
3,14&&69%_%_::41$15&&32%_%_::74$16&&80%_%_::28$17&&10%_%_::76$18&&50%_%_::36$19&&60%_%_::42$,home::30821.795124112545$terrace::74.23999999565072$Annexe::4628.280000038533$shop::470.1350000101293$office::2161.4050000208126$other_activity::1657.9560143134504$school::122.07500000325382$public::92.0649999957555$shed::86.2549999983213$shelter::32.21000000084517$leisure and sport::365.4375527481631$farm::92.5099999928591$parking::377.29396600756235$
4,20&&10%_%_::6054$21&&50%_%_::3941$22&&32%_%_::8126$23&&80%_%_::2304$24&&69%_%_::3738$25&&60%_%_::3394$26&&103%_%_::1334$,home::1195137.4568712001$office::586481.1550015388$Annexe::314849.65500008926$leisure and sport::59354.45249705599$farm::86400.77000006652$fountain::272.68320859096883$warehouse::2213.8500000400995$parking::73659.94055211107$shop::11311.141025653153$parking_entrance::63006.37500014687$paddle_tennis::416.2106151565937$service::587.9600000043783$school::37215.619489386845$hearing_aids::426.965000005645$health related activity::3409.690000007112$shed::242.58000000191274$stadium::1146.1649999955284$parking_space::49.01449218344249$restaurant::10729.1049999434$other_activity::13572.32917698435$bicycle_parking::2036.7672416389148$newsagent::1168.999999995995$sport::13039.446879538933$garage::2310.2449999477726$kindergarten::1917.7455380607353$roof::126.75500000353088$toilets::33310.565000105475$construction::230.7000000018219$waste_basket::169.39999999630965$rental::846.7999999963096$outside_sport::319.3753875206151$windsurf;canoe::260.5149999925017$social_facility::1871.3750000184227$car_parts::789.4649999548355$doityourself::1193.2150000032993$mall::33102.22000010712$terrace::70.43999999721069$
5,27&&50%_%_::1039$28&&32%_%_::2123$29&&60%_%_::873$30&&69%_%_::1050$31&&80%_%_::625$32&&10%_%_::1719$33&&103%_%_::388$,home::697455.4112859603$Annexe::103079.30500000573$office::45303.47500021137$shop::14278.945000022126$restaurant::1430.7099999882025$other_activity::4114.1434122638075$motocross::7410.748548834041$farm::4624.935000015059$parking::16920.807465943628$social_facility::1541.2700000097116$post_box::2351.8699999940127$leisure and sport::50818.08505184445$school::11775.164999999515$health related activity::810.4549999936181$roof::152.50000000317814$toilets::40496.959878711066$sport::43051.09875610494$judo::1773.2850000260491$carport::34.18000000074273$
7,34&&50%_%_::10201$35&&60%_%_::8499$36&&69%_%_::9708$37&&10%_%_::16137$38&&32%_%_::21566$39&&80%_%_::5947$40&&103%_%_::3399$,home::3523519.404964111$Annexe::1044894.9400000356$farm::191639.54000016997$office::868786.2699983873$shop::160594.6190294487$childcare::689.7657153775291$parking::151101.08775925156$vending_machine::22438.479041145576$bench::5945.729651531617$leisure and sport::188772.0927763945$restaurant::37727.33727728524$other_activity::84956.1335822062$atm::3262.779999983653$greenhouse::49416.636361102406$health related activity::25665.44500000547$school::77470.7387641294$engineer::40.64000000017928$toilets::4036.523529314448$roof::5617.694999967627$dormitory::6315.605000012355$car_wash::525.4482952070508$bicycle_parking::16129.09085291267$newsagent::2129.305470190575$paint::749.0349999980047$motorcycle_parking::71505.62347744049$kindergarten::799.8997781431702$sport::24755.66314572995$parking_entrance::25360.69455139602$recycling::9177.062311705982$fountain::1070.6124968937922$notary::582.4549999973551$motorcycle::678.1150000067335$post_box::3159.029999995661$warehouse::1841.1149999947893$college::7553.689999937361$parking_space::190.5385193423569$service::1700.4635053492407$outside_sport::795.066067543866$rental::867.8049999955099$social_facility::14595.849999995851$grandstand::5149.625000019999$shed::25.409999998703135$community_centre::299.36999999715016$waste_basket::13856.72855947721$archery::7443.665204917994$car_rental::894.5500000083993$hat::59.38499999880209$motor::223.1941645361968$bicycle_parking;motorcycle_parking::98.49999999715948$kitchen::1331.3249999829625$cinema::4158.810000018103$bocce::932.3558012656772$animal_shelter::511.59637928679$houseware::41.38500000033877$general::1040.444999999432$household_linen::62.85999999762047$financial::120.55499999707565$music_school::177.90000000015135$sailing::1073.7415045925397$money_transfer::121.76499999884633$park::2893.1300000969595$construction::4408.4943741305815$driving_school::828.5000000108732$doityourself::2706.4799999973898$garage::913.6400000026531$multi;fencing;handball;boxing;basketball::2771.4949999870223$trade::634.7799999968196$rugby_union::11662.67230971693$basketball; handball::811.311044048816$bed::244.33500000163684$mortuary::216.89000000526664$workship::40.12499999825377$semidetached_house::105.51000000010593$public::1305.6550000018894$bleacher::1537.0199999859801$boat_storage::649.239999954335$ship_chandler::649.239999954335$flooring::512.9999999943946$terrace::29.769862379990986$deli::160.79500000144589$boutique::102.80499999991036$sewing::80.72999999839696$stadium::8459.71999998924$shelter::68.6799999970931$running::25938.49615513882$clinic::112.68499999309773$accountant::406.7050000051607$
8,41&&10%_%_::48$42&&32%_%_::44$43&&50%_%_::26$44&&69%_%_::37$45&&60%_%_::32$46&&80%_%_::28$,other_activity::558.5500000054192$home::27848.760015819185$Annexe::2915.665000013934$farm::461.72499998817796$office::879.695000117157$lavoir::36.29500000040397$leisure and sport::672.9022093289404$parking::875.0770965299961$shelter::100.01000000114786$
9,47&&103%_%_::227$48&&69%_%_::645$49&&80%_%_::364$50&&32%_%_::1436$51&&50%_%_::617$52&&10%_%_::971$53&&60%_%_::559$,Annexe::52456.72499996139$leisure and sport::10751.814642514908$home::322788.46191745537$office::33911.47499988181$shop::1117.5000000105356$post_box::512.7199999915506$restaurant::731.5149999958021$other_activity::2838.433752326721$shelter::94.70999999950641$health related activity::88.32999999894412$roof::62.82499999922584$driving_school::262.7450000006717$parking::7737.577351033474$fire_station::822.170000006964$service::53.11500002024928$social_facility::1199.5199999920628$kindergarten::472.45999999575787$farm::741.7200000121212$school::376.44499999954246$
10,54&&32%_%_::230$55&&10%_%_::203$56&&69%_%_::111$57&&60%_%_::136$58&&80%_%_::58$59&&50%_%_::124$60&&103%_%_::31$,home::145203.37551953152$Annexe::29253.885000022678$office::18740.865000157166$farm::1487.7949999962536$shop::1131.079999990603$bunker::1840.3785850593106$parking::7589.885004124167$other_activity::16770.275767983294$leisure and sport::1160.7550000078033$school::327.4250000125321$toilets::87.66500000019674$post_box::104.70000000246216$cowshed::320.7649999964191$restaurant::270.8399999993818$shelter::41.42000000021188$drinking_water::4132.755940980864$vending_machine::185.45999999803956$bench::101.40500000028872$fire_station::655.3049999944272$oven::65.75000000145519$roof::52.444999997860286$
12,61&&32%_%_::3771$62&&10%_%_::2843$63&&50%_%_::1790$64&&69%_%_::1649$65&&80%_%_::1059$66&&60%_%_::1560$67&&103%_%_::607$,home::387546.16304144997$Annexe::173192.04000007032$office::85464.27000012292$other_activity::4315.004999978845$shop::4354.499999982072$roof::420.21499999148307$health related activity::2159.0200000173013$leisure and sport::48521.46236543189$parking::9175.820289343657$service::472.25499999030023$toilets::1511.6999999002437$atm::258.3600000022887$social_facility::2326.870000015451$diplomatic::164.320000003553$railway::7154.361471346783$motorcycle_parking::7154.361471346783$college::259.6399999951385$public::259.6399999951385$restaurant::542.4350000126846$
13,68&&103%_%_::276$69&&60%_%_::742$70&&69%_%_::834$71&&32%_%_::1839$72&&80%_%_::502$73&&10%_%_::1415$74&&50%_%_::798$,home::688719.0543893778$Annexe::118464.87999980667$parking::19042.246224344475$office::40452.01499995301$other_activity::3182.2529430712643$shop::4931.985000015857$health related activity::510.8300000065402$leisure and sport::16911.161231701575$farm::1940.1750000130498$restaurant::429.6749999989231$cinema::970.2299999999686$music_school::503.0899999897077$fire_station::139.70500000291386$roof::193.9349999954086$social_facility::1015.4050000085947$public::702.960000001375$car_wash::63.290223668951015$greenhouse::291.22999999844353$
14,75&&32%_%_::571$76&&10%_%_::410$77&&50%_%_::289$78&&103%_%_::88$79&&60%_%_::208$80&&80%_%_::164$81&&69%_%_::235$,home::146355.33640876636$Annexe::26901.749999999047$office::10270.554999975908$restaurant::501.4200000007067$other_activity::1914.5024668411265$parking::5831.307450290255$leisure and sport::2619.5237698240144$drinking_water::467.00141641385306$
15,82&&103%_%_::251$83&&60%_%_::718$84&&50%_%_::864$85&&10%_%_::1298$86&&32%_%_::1696$87&&80%_%_::468$88&&69%_%_::823$,home::644136.9563115231$Annexe::91780.28000002139$farm::2980.4150000071295$office::80127.58500013071$shop::17156.372640598478$other_activity::4289.819801714854$restaurant::3031.745304771799$leisure and sport::14654.416772628523$parking::13281.676239046488$car_wash::171.55000000499422$music_school::245.2500000023574$fire_station::655.4600000019511$drinking_water::1563.7283313892142$school::6342.2176647470405$park::21.30444277362672$sport::971.2719506230139$roof::242.96000000460538$sewing::44.939999999643774$cinema::1066.779999995667$fountain::46.50626870101236$kindergarten::89.67902627511825$fabric::392.49499999512454$health related activity::880.82500000039$hut::78.72357257763758$
16,89&&80%_%_::48$90&&69%_%_::56$91&&10%_%_::108$92&&60%_%_::57$93&&50%_%_::71$94&&32%_%_::146$,home::41112.74513847275$Annexe::4441.164999981873$office::2944.595000007191$leisure and sport::69.65999999870895$other_activity::372.5799999980244$parking::647.7921706121284$
17,95&&10%_%_::525$96&&50%_%_::350$97&&60%_%_::240$98&&32%_%_::711$99&&103%_%_::118$100&&69%_%_::340$101&&80%_%_::199$,home::145962.41124348648$Annexe::34742.954999952904$office::20496.019999988068$fire_station::394.2700000002934$school::3696.594999996673$parking::4434.999407520331$other_activity::1304.5150000043352$social_facility::2661.27999999647$leisure and sport::4654.909959119459$service::89.52000000385567$roof::88.18500000181143$shop::430.88499999325495$
19,102&&69%_%_::580$103&&103%_%_::211$104&&50%_%_::628$105&&32%_%_::1330$106&&10%_%_::964$107&&60%_%_::564$108&&80%_%_::329$,Annexe::82844.85500005195$home::234785.73698139566$office::45905.43499984803$other_activity::5032.145821574568$leisure and sport::27234.88104098647$boat_storage::2053.7404564227686$public::3238.3649999899585$parking::5077.245210892997$restaurant::1636.880000013979$bench::140.53512670197213$fountain::140.53512670197213$shop::1599.2749999547843$toilets::1490.6742137147244$roof::271.50500000012573$health related activity::2702.784999988121$motorcycle_parking::117.15189563360866$motorcycle::610.6399999963376$sport::17.78500000147382$newsagent::351.1700000057649$outside_sport::367.7620423054451$ticket::66.88999999971362$car_wash::120.45499999495689$school::271.90000000753207$educational_institution::271.90000000753207$
20,109&&60%_%_::3011$110&&32%_%_::7532$111&&80%_%_::2080$112&&50%_%_::3724$113&&10%_%_::5581$114&&69%_%_::3479$115&&103%_%_::1058$,home::1403004.720478358$office::421345.93999995734$Annexe::360004.25999986124$leisure and sport::59311.03353655814$roof::10325.895000006194$shop::54037.049999771574$social_facility::18085.454462423397$farm::34601.219999983936$other_activity::28167.10481606696$parking::68425.23597923869$school::11135.471755033772$terrace::265.22999999537603$health related activity::7290.184999963487$restaurant::5868.921606068053$parking_entrance::14194.785532797976$toilets::671.9900000026182$recycling::10584.282503949567$kitchen::1469.7999999877588$bed::818.320000002057$newsagent::120.13500000319095$drinking_water::6081.325376895626$fountain::6081.325376895626$kindergarten::1199.275000003964$car_wash::343.09762575095436$childcare::1396.5599999911828$sport::16022.033482620363$tattoo::1440.7649999922626$community_centre::161.13000000268684$financial::3168.2399999905647$no::567.3300000026578$car_parts::1259.0999999953085$vending_machine::5592.046002110973$fire_station::747.6600000027835$catering::44.780000001493605$fishing_tackle::74.66500000210596$hearing_aids::377.4199999932968$shed::3422.949999988376$multi;soccer;basketball::193.18225714625848$service::238.14000000799075$park::1175.1599999988077$doityourself::4078.8800000000033$
21,116&&69%_%_::208$117&&103%_%_::59$118&&50%_%_::157$119&&32%_%_::350$120&&10%_%_::289$121&&60%_%_::147$122&&80%_%_::97$,home::111777.93533155943$Annexe::17360.325000025987$office::9472.069999911213$farm::5540.695000014555$leisure and sport::27883.51656500365$parking::4275.390215537521$other_activity::979.3999999944003$climbing::101197.03749520126$school::365.41500000078463$social_facility::186.68500000330155$restaurant::255.28999999918975$dormitory::2396.0149999819732$
22,123&&69%_%_::53$124&&60%_%_::52$125&&10%_%_::48$126&&32%_%_::79$,home::43480.811950306896$office::5147.675000055501$other_activity::2204.8996433571256$farm::349.9099999942095$Annexe::4037.584999997527$toilets::62.4299999979022$parking::494.90223002937427$roof::318.7566046365893$restaurant::117.69999599588915$fountain::43.379999997774135$reception_desk::42.75000000312575$cabin::23.709999999349236$shop::159.30999999252148$waste_basket::241.58220389445182$leisure and sport::955.5605183354455$parking_space::431.2145073328298$fire_station::252.08000000096393$public::252.08000000096393$social_facility::196.21999999902445$barn::338.3999999608845$
23,127&&60%_%_::240$128&&10%_%_::473$129&&69%_%_::298$130&&32%_%_::648$131&&80%_%_::177$132&&103%_%_::103$133&&50%_%_::255$,home::291160.2503596289$Annexe::50616.80999990474$drinking_water::34997.40085546108$school::11144.778939290482$sport::9689.628939288992$office::25520.269999963763$shop::5705.954999984048$parking::18274.77902832438$other_activity::2675.233056067711$leisure and sport::17034.154639177556$restaurant::711.9850000024925$farm::8342.144999967448$wayside_cross::832.9973845448692$health related activity::775.2000000038009$archery::1586.410599497595$park::18896.463557845625$recycling::1988.6039379488122$greenhouse::4534.779999988135$lavoir::31.195000001603038$
24,134&&32%_%_::318$135&&103%_%_::57$136&&10%_%_::262$137&&50%_%_::139$138&&80%_%_::90$139&&60%_%_::139$140&&69%_%_::154$,home::74230.56052221337$office::3352.59000004749$Annexe::13584.149999992116$leisure and sport::745.2633471306581$other_activity::5163.443721554069$drinking_water::577.1186745700262$tower::37.036495799752714$post_box::68.52057623533364$bunker::297.56500000120377$restaurant::480.1549999986356$parking::2899.4335744268624$workship::22.60000000074506$shop::29.48999999767635$farm::271.0499999947729$
26,141&&69%_%_::479$142&&80%_%_::270$143&&10%_%_::758$144&&32%_%_::987$145&&50%_%_::445$146&&60%_%_::394$147&&103%_%_::148$,home::270321.43457066326$Annexe::38880.55500008201$parking::28543.1523798355$other_activity::18279.95122374813$office::46651.985000235974$free_flying::10476.065278919154$farm::952.7449999940766$shelter::909.9479295861435$hut::970.2474976634454$parking_space::17205.108513756393$leisure and sport::25923.655469752335$shop::2882.9350000389422$service::297.6037042671349$park::412.75500002432267$fire_station::630.2299999900442$restaurant::1069.999999997078$community_centre::626.1999999927298$farm_auxiliary::361.9250000002212$toilets::60.54000000086031$school::14864.957607751963$basketball;soccer::14864.957607751963$fountain::42.76000000064727$health related activity::626.8950000038674$public::375.1700000019581$kindergarten::169.50499999897323$recycling::2093.2626374374663$bicycle_parking::1796.739505720143$garage::516.1500000008266$roof::155.44999999668215$
29,148&&103%_%_::579$149&&50%_%_::1719$150&&32%_%_::3535$151&&10%_%_::2779$152&&69%_%_::1631$153&&60%_%_::1410$154&&80%_%_::994$,Annexe::270520.85000003024$home::680433.7805838109$office::51880.72000022244$other_activity::6318.967423614653$shop::14853.39937024283$restaurant::5469.725000024564$leisure and sport::23374.33279608604$public::533.0799999990197$free_flying::781.8461749328445$school::1969.675000023865$health related activity::1829.0200000193504$toilets::376.8200000050897$outside_sport::204.2755625987122$bench::314.4906944284536$roof::507.1349999957345$parking::8218.385079621772$greenhouse::537.9649999856623$roman_road::26.95499999988126$drinking_water::21182.950702424165$farm::1911.0449999938207$fire_station::197.710000000298$motorcycle_parking::1007.9077955508951$social_facility::1447.790000011658$
31,155&&60%_%_::72$156&&69%_%_::87$157&&10%_%_::146$158&&32%_%_::175$159&&50%_%_::100$160&&80%_%_::51$161&&103%_%_::39$,home::54441.535751371535$Annexe::10005.67999996479$office::8975.04500008864$fire_station::347.33499999901164$other_activity::1402.6609887698817$school::616.3049999995378$leisure and sport::195.71499999464373$parking::2952.656216679497$soccer;tennis;basketball::1018.5094176494721$farm::33.62999999725027$
32,162&&69%_%_::294$163&&103%_%_::85$164&&10%_%_::424$165&&32%_%_::638$166&&60%_%_::255$167&&50%_%_::311$168&&80%_%_::156$,home::149483.47015771858$Annexe::28943.66500008227$crematorium::297.91465220051276$farm::337.12500000371944$parking::10794.745122154081$other_activity::698.6119471798568$office::7260.955000078363$school::298.60499999133054$shop::273.2049999959231$leisure and sport::1308.3906542272975$health related activity::320.4349999997101$
33,169&&69%_%_::34$170&&32%_%_::37$,home::10474.054534968564$Annexe::1046.8900000142773$office::507.21999996840145$other_activity::510.5249999962573$parking::491.80179677993937$workship::47.40000000188593$
34,171&&60%_%_::283$172&&69%_%_::318$173&&80%_%_::179$174&&50%_%_::321$175&&32%_%_::747$176&&103%_%_::99$177&&10%_%_::533$,home::228491.7981706784$Annexe::42335.18000000541$office::32465.164999736633$other_activity::82623.15086458722$bunker::65968.2689705944$social_facility::10729.37884578991$leisure and sport::3259.8379030463916$collapsed::2697.18104294458$farm::1547.6199999731919$shop::914.1149999963027$roof::73.96499999762977$fire_station::740.4399999751616$health related activity::178.860000003709$restaurant::1493.9050000107777$parking::398.25472588038417$stable::317.6200000166963$cowshed::992.2600000086334$school::1005.9399999944281$drinking_water::1166.6348200091334$
35,178&&32%_%_::14552$179&&69%_%_::6545$180&&10%_%_::10904$181&&50%_%_::6914$182&&60%_%_::5727$183&&80%_%_::4020$184&&103%_%_::2254$,home::2613433.5437714723$office::935583.8641939813$Annexe::607449.4849997304$parking::263834.5233511388$shop::111681.05000043422$other_activity::148095.5435621543$workship::847.7099999951465$leisure and sport::247367.73201173006$carport::427.2650000024552$electrical::783.739999982717$bed::581.7649999636421$restaurant::23071.54800118784$drinking_water::1652.5114233953782$kindergarten::1023.7349999974867$outside_sport::9033.828807850186$farm::51436.64999995827$greenhouse::25099.027753821534$school::36284.32499999329$parking_entrance::15272.93000015771$public::5868.11000000379$medical_supply::978.3000000019092$weighbridge::2652.862483860185$car_parts::3403.9363001716706$health related activity::51893.4798816428$social_facility::27429.05114652708$community_centre::3586.769999993698$post_box::20088.755000004232$motorcycle::2707.294999940724$stationery::280.4349999962584$toilets::60.35000000000582$fountain::1655.410126234446$park::2015.4250000063387$recycling::181.3443240808832$sport::7777.807427605832$fabric::2318.174999996181$roof::3125.3950000076215$atm::304.1149999988812$service::1218.2250000061524$dance::324.66499999181485$nurses::20.61000000127591$lavoir::24.30000000220025$paint::816.4749999974389$water_utility::2517.524999993352$garage::225.2150000035844$riding_hall::1882.4549999996716$running::7638.397426144156$bicycle_parking::3392.413277620066$food_court::33.62232133422598$shed::57.34087042011865$shelter::104.19999999972642$funeral_directors::1138.5149999970884$fire_station::2217.80999999893$variety_store::579.7200000106892$prison::54846.836376232946$newsagent::177.25499999929335$driving_school::85.08000000145287$mini_tennis::50.43000000154017$car_wash::126.54000000311294$cinema::426.2150000023795$
38,185&&32%_%_::61$186&&60%_%_::48$,home::14937.967006837554$Annexe::1790.8049999942994$other_activity::445.5177824129613$toilets::186.87999999995694$office::1442.4750000580445$parking::1269.1464683640334$leisure and sport::618.7282892358027$
41,187&&32%_%_::83$188&&60%_%_::42$189&&80%_%_::46$190&&69%_%_::38$191&&10%_%_::75$192&&50%_%_::40$,home::45592.17789873196$drinking_water::59.91600830617078$other_activity::1680.0427192608295$office::10154.870000082783$Annexe::10017.780000056204$fire_station::68.95999999650289$farm::1001.039999997525$clock::75.98499999933178$post_box::162.4949999990943$parking::344.13958969034167$shop::215.0300000029779$
42,193&&60%_%_::174$194&&50%_%_::195$195&&103%_%_::56$196&&69%_%_::175$197&&10%_%_::293$198&&80%_%_::122$199&&32%_%_::451$,home::151059.58325314126$Annexe::19041.174999986404$office::45010.09500014396$parking::6878.066330680269$other_activity::1263.5300000003003$shop::1328.3799999906378$public::833.9200000011665$restaurant::306.4550000012666$leisure and sport::10732.551584527095$farm::3502.120000003879$
43,200&&50%_%_::85$201&&69%_%_::83$202&&10%_%_::124$203&&32%_%_::157$204&&80%_%_::61$205&&60%_%_::57$,home::43152.9476243557$Annexe::9543.139999947765$shop::644.0376925552051$office::3270.814999902943$roof::517.2450000006892$multi;handball;basketball::540.2777341099318$leisure and sport::4869.186560233775$recycling::1431.9477178620266$parking::1356.395402454465$other_activity::909.1749999986438$outside_sport::1224.3172291256915$fire_station::180.93000000599307$reception_desk::185.6649999963201$kindergarten::46.225859061417054$
47,206&&32%_%_::68$207&&69%_%_::29$208&&50%_%_::27$,Annexe::2610.389999974038$home::29839.796890555044$office::2123.210000082726$other_activity::3110.7605936763066$restaurant::484.9850000052282$parking::1323.4342241985375$cabin::46.99999999720603$leisure and sport::128.31869793474687$shop::100.97000000235391$recycling::114.09999999727006$fountain::43.875000001350415$
48,209&&50%_%_::64$210&&60%_%_::49$211&&32%_%_::131$212&&10%_%_::75$213&&69%_%_::58$214&&80%_%_::39$,Annexe::3742.4549999899154$home::33414.733537291584$office::5914.770000071174$restaurant::400.82000000989177$parking::3958.2272015311883$shop::515.6699999994843$toilets::68.93089454294473$other_activity::4109.848690977455$free_flying::7858.923475380557$community_centre::156.60000000125729$recycling::1878.4728769564404$leisure and sport::2500.654956381672$school::163.39500000489176$houseware::32.515000003532045$
50,215&&60%_%_::30$216&&32%_%_::56$217&&69%_%_::54$218&&50%_%_::27$219&&10%_%_::37$,home::32187.50399576139$office::6499.035000159453$service::432.84499999574155$Annexe::2006.3299999996368$parking::469.24021718215533$toilets::101.68500000035624$other_activity::802.2014468070093$shelter::22.40999999904074$restaurant::127.12499999408611$fountain::74.30500000251807$sport::802.0998839589688$
51,220&&50%_%_::502$221&&32%_%_::1096$222&&60%_%_::457$223&&10%_%_::758$224&&80%_%_::277$225&&69%_%_::482$226&&103%_%_::162$,home::188288.9836411905$Annexe::68043.22499998382$office::49536.26500008563$restaurant::607.6376685253438$leisure and sport::5358.167049785983$parking_entrance::2867.5500000038874$shop::2036.3549999870056$health related activity::353.5900000022049$other_activity::2731.4800000026166$parking::13267.525841938459$school::4130.9911198646$boat::1241.6650000017974$doityourself::447.86499999086607$farm::1393.8599999983655$toilets::1529.1302956122483$cinema::2006.6649999962442$roof::55.34883205987096$bench::944.2089905852563$
53,227&&32%_%_::12263$228&&50%_%_::5927$229&&69%_%_::5589$230&&80%_%_::3462$231&&103%_%_::1930$232&&60%_%_::4853$233&&10%_%_::9163$,home::1230847.3010356058$Annexe::462883.19499988336$health related activity::7255.844999992936$office::255075.5750007726$parking::53850.97065461782$other_activity::52899.45142472361$recycling::331.37000000280796$leisure and sport::41855.71942838191$toilets::407.4949999986577$construction::503.4627485726026$parking_entrance::5363.631694419892$shop::55824.76389282739$roof::1340.2853616166065$restaurant::12270.464999933183$fountain::187.04244888921383$garage::708.2499999998487$farm::8070.8449999848035$pest_control::173.86999999953667$kindergarten::222.43500000471596$bench::21543.67900085893$public::879.9949999954155$swingerclub::286.6249999979744$financial::850.3400000163261$paint::166.72500000340514$carport::320.93954024401626$post_box::24.520000000060534$social_facility::7315.004999996838$driving_school::1318.3049999955738$school::12514.253386931809$parking_space::261.0834695910478$shed::48.32500000054715$semidetached_house::482.55999999345283$sport::4613.4564800579$medical_supply::239.56499999241439$dormitory::990.3600000010897$motorcycle_parking::82.03000000300119$tattoo::118.4350000025623$trade::2645.429999973769$funeral_directors::297.27000000247034$nursery::304.8500000020722$community_centre::450.3199999976158$car_wash::22.45499999914784$doityourself::7086.319999991709$secretary::71.67999999692431$service::20.076923913626665$cinema::121.7499999998894$pet_grooming::33.96000000117114$no::1424.3571058166428$hearing_aids::253.1200000042748$
54,234&&60%_%_::3220$235&&32%_%_::7927$236&&50%_%_::3881$237&&10%_%_::5879$238&&69%_%_::3662$239&&103%_%_::1225$240&&80%_%_::2306$,home::1102226.294222008$office::273675.44500049454$Annexe::418104.5999999207$leisure and sport::59401.87982935494$shop::27714.8550000856$other_activity::44530.331025186366$farm::969.9399999910639$health related activity::25679.71904838432$parking::26663.37317190104$restaurant::4940.274999989848$atm::2655.800000011176$school::63379.82608739624$drinking_water::13394.56904837551$bench::1529.4818448641277$sport::48082.3936376953$fountain::11125.532433775314$university::1697.609999996771$photo::395.1350000007287$roof::904.7800000094622$post_box::277.89000000759495$parking_entrance::177.4349999860372$toilets::6912.770095320239$recycling::5185.888743891755$service::45.42000000027008$construction::186.61499999967873$workship::519.4099999945937$border_control::705.7250000035856$cinema::259.29999999111755$
55,241&&32%_%_::13340$242&&10%_%_::10080$243&&69%_%_::6081$244&&50%_%_::6303$245&&80%_%_::3741$246&&60%_%_::5340$247&&103%_%_::2056$,home::1921375.5452428763$Annexe::446489.15999992855$office::358183.78860859683$other_activity::19740.91332011318$farm::105135.8200002003$shop::56187.225713440996$toilets::650.7498682529588$parking::58448.66011962197$leisure and sport::73676.44521377345$sport::5670.774117097808$health related activity::10630.720000000787$restaurant::12474.395015364966$roof::471.96967470753316$school::28001.05565245038$parking_entrance::2027.2106744231762$storage_tank::363.9500000043772$bicycle_parking::3180.9913610924564$post_box::58.32499999903376$barracks::511.87500000388826$recycling::1464.9085541680602$newsagent::285.9649999948416$bench::1777.767200554049$park::1621.92499997564$social_facility::7367.114999953386$public::239.5500000033877$terrace::120.81999999811057$hearing_aids::220.03999999588356$garage::175.89500000081142$outside_sport::467.51739972305796$climbing::306.219999997674$waste_basket::47.815000001215374$sailing::87.629999999922$toy_library::455.0200000085706$greenhouse::3039.072981891462$cinema::90.52999999900231$service::1998.5750000167636$college::677.5749999968277$university::247.77999999816413$community_centre::110.15999999718973$ticket::206.4250000017346$notary::1722.4149999892657$fire_station::922.8100000027953$car_parts::861.999999996426$
56,248&&60%_%_::1284$249&&32%_%_::3357$250&&69%_%_::1492$251&&50%_%_::1636$252&&80%_%_::950$253&&10%_%_::2488$254&&103%_%_::550$,Annexe::88712.92999990936$home::972393.3887887442$office::749043.5999978813$farm::66126.14499999552$parking::77458.14681207098$leisure and sport::21227.126812443268$greenhouse::48854.29319999189$car_parts::1597.0749999289283$shop::9303.14499998793$roof::1690.9199999780462$restaurant::285.6600000000885$other_activity::7533.711009749348$sport::1772.4230497948374$stadium::1170.4550000173842$lavoir::24.600000000186263$recycling::2233.3157498943033$construction::1895.546907902733$warehouse::3829.9500001058623$school::11784.9550000159$drinking_water::889.6145649286915$furniture_storage::2719.0450000252704$parking_space::7197.728008223865$garage::1258.344999996964$toilets::95.55773822528334$
58,255&&10%_%_::133$256&&80%_%_::42$257&&32%_%_::187$258&&60%_%_::66$259&&69%_%_::65$260&&50%_%_::96$261&&103%_%_::29$,home::53207.21422958872$leisure and sport::40107.687563424326$office::4475.9899999303825$Annexe::5234.064999996558$restaurant::664.0549999985658$farm::809.7950000041932$other_activity::11136.985979506475$parking::3147.835016311993$shop::89.35499999507913$community_centre::66.11499999559834$school::6125.703161471757$park::114.37999999276246$
59,262&&10%_%_::2175$263&&60%_%_::1106$264&&69%_%_::1280$265&&50%_%_::1293$266&&80%_%_::826$267&&103%_%_::497$268&&32%_%_::2839$,home::872255.4646706964$Annexe::120497.91000000248$office::259293.41183608296$farm::45932.98000006442$parking::191728.7141127362$recycling::403.6626053254117$restaurant::9869.68897563084$leisure and sport::23419.504600006378$shop::12331.873002417142$public::3737.870000012691$motorcycle_parking::51905.313467025466$other_activity::5623.159135816884$fire_station::211.2949999936286$sport::2664.959876610971$roof::582.5822737808577$school::12098.860000012446$reception_desk::74.0399999963143$greenhouse::16993.628933373227$research::6676.309999949629$social_facility::2335.7199999923946$atm::244.81500000313622$university::108078.47767985184$bridge::1364.1850000128945$glasshouse::11054.568392777168$padel::835.4607135777355$parking_entrance::2037.1978779224874$college::99309.35267989375$bicycle_parking::127268.28408090989$service::707.719999998518$shed::146.8199999937159$container::25550.234911846495$shooting::412.0457736578524$post_box::152.68000000525382$carport::63.276899374249815$kindergarten::1856.8450000045302$vending_machine::4363.397888325824$childcare::1001.8293470645921$construction::3197.9577341944387$parking_space::20.96465682257338$
62,269&&60%_%_::49$270&&32%_%_::118$271&&69%_%_::59$272&&50%_%_::65$273&&80%_%_::67$274&&10%_%_::79$,home::53887.78637562677$Annexe::8035.935000006009$farm::1598.899999983347$office::4359.290000019882$parking::14909.142197079542$restaurant::244.60500000064377$shop::380.58500000222466$service::25.00157282854651$other_activity::454.04847304813234$outside_sport::2988.062853211274$
63,275&&50%_%_::44$,home::9872.441428402683$Annexe::958.0849999901409$office::708.1250001095702$toilets::28.1699999996298$other_activity::120.09500000075322$post_box::120.09500000075322$parking::210.12302795271935$
64,276&&50%_%_::163$277&&32%_%_::300$278&&10%_%_::203$279&&80%_%_::69$280&&69%_%_::114$281&&60%_%_::109$282&&103%_%_::38$,Annexe::10385.715000011569$home::80855.03881243657$office::14095.430000157743$farm::18000.04500000864$other_activity::978.8870507955982$parking::1286.8822839328548$restaurant::461.4599999906879$hut::21.150000000291037$leisure and sport::969.792495043749$
65,283&&10%_%_::327$284&&103%_%_::50$285&&69%_%_::177$286&&80%_%_::106$287&&60%_%_::141$288&&50%_%_::188$289&&32%_%_::379$,home::169973.0686613492$Annexe::39370.17999999504$farm::730.9700000074762$office::24097.219999882243$shop::2134.815000029405$other_activity::6525.716150108325$leisure and sport::19477.57256979237$parking::15787.213125915652$restaurant::1114.3150000126707$toilets::1346.955000002064$health related activity::837.0900000068035$social_facility::266.2999999995576$barn::199.05122568721683$farm_auxiliary::884.9100000051468$cabin::24.77073628276072$waste_basket::123.67602985970896$ranger_station::182.19000000123285$lavoir::180.69500000010123$school::799.0899999971875$service::74.93999999829917$shelter::249.224999996135$atm::518.2399999903189$bunker::129.0177737359501$community_centre::268.84500000329103$parking_space::115.25201402618802$recycling::1917.9042656619822$hut::75.00999999658438$cowshed::210.66000000461122$fountain::2771.5718345835953$
71,290&&32%_%_::6458$291&&10%_%_::4940$292&&69%_%_::2948$293&&60%_%_::2555$294&&80%_%_::1801$295&&50%_%_::3194$296&&103%_%_::968$,home::1425578.813005626$office::481784.4400002857$Annexe::375932.03500016587$toilets::63078.793346756494$leisure and sport::1154372.223813371$restaurant::1126567.4768566478$parking::110774.04284514714$farm::33534.14499997727$other_activity::76742.43637512221$shop::185116.85232163724$fountain::54216.05656720225$drinking_water::20695.235012561723$health related activity::11622.419999958973$household_linen::963.5700000820054$funeral_directors::1331.7399999577342$sport::7142.61000020483$childcare::1223.324999965093$soccer;basketball;handball::306.2713876259619$bicycle_parking::9170.807269136974$attr::80.50180531617897$warehouse::3443.2799999992467$mall::2704.2150000446263$vacant::1246.0650000055807$kindergarten::20398.31589790041$social_facility::912.4600000025681$service::1295.0649999801326$car_wash::39235.06732100811$community_centre::1415.550000016624$stadium::601.6400000089104$newsagent::69.88999999333406$second_hand::98.46000000157278$roof::594.9550000145496$reception_desk::912.5449999934483$bus_station::69.84999999795109$kitchen::2655.9900000188754$model_aerodrome::1055.9823734095473$school::31287.03929849158$hangar::5890.420000138456$video_games::15375.984999992299$storage_tank::173.2703285863179$driving_school::566.6650000007962$doityourself::15375.985000184408$rugby::8416.305980301298$bed::1244.2499998817336$recycling::359.5789744171283$scuba_diving::1161.5999999980322$clinic::334.1350000009325$bench::842.325933205858$basketball;handball::362.81520340560684$garage::606.4349999885284$motorcycle::1657.275000003859$outside_sport::263.0784778591494$motorcycle_parking::2664.889600891894$shed::153.3299999969825$
76,297&&32%_%_::416$298&&10%_%_::343$299&&69%_%_::188$300&&50%_%_::207$301&&60%_%_::188$302&&103%_%_::53$303&&80%_%_::118$,home::104288.35068386575$Annexe::17135.300000013518$parking::5595.733895588356$farm::624.2050000023551$office::10379.634999938331$restaurant::161.8399999999814$other_activity::944.3549999975297$health related activity::150.7999999950407$service::368.0199999108165$shop::241.3787556795724$
77,304&&60%_%_::153$305&&103%_%_::55$306&&32%_%_::340$307&&50%_%_::162$308&&10%_%_::283$309&&69%_%_::179$310&&80%_%_::103$,home::94763.61101931156$Annexe::16677.399999993115$office::2111.2700000146065$social_facility::333.92000000018857$other_activity::969.5715759711667$parking::1783.444699149462$fire_station::84.02000000117812$parking_space::21.18428655192868$leisure and sport::1453.096177388043$lavoir::49.90000000121654$service::57.3799999987171$toilets::20.314999999579744$
78,311&&69%_%_::51$312&&50%_%_::34$313&&60%_%_::27$314&&80%_%_::43$315&&32%_%_::88$316&&10%_%_::62$,home::16477.268127343483$Annexe::4518.934999992603$office::425.7399999977811$parking::700.8645527422786$leisure and sport::645.448011758916$other_activity::256.13999999895697$
79,317&&50%_%_::54$318&&60%_%_::33$319&&32%_%_::101$320&&10%_%_::79$321&&69%_%_::39$322&&80%_%_::46$,home::37157.68923497583$bunker::106.43000000286729$Annexe::7650.054999994326$other_activity::1307.569676755866$office::9045.200000057224$parking::2429.6817040925043$shop::50.905000000294535$service::303.49500000223753$bell::28.46999999834923$leisure and sport::3469.4108881120023$restaurant::270.0400000036659$
86,323&&32%_%_::52$324&&10%_%_::36$325&&69%_%_::32$,home::16015.908878265303$Annexe::2286.4250000073803$farm::363.959999996206$office::402.1150000361516$other_activity::214.79000000518514$public::33.020000000473814$parking::657.9860841152026$leisure and sport::34.27499999906868$
92,326&&69%_%_::82$327&&80%_%_::55$328&&103%_%_::29$329&&32%_%_::210$330&&10%_%_::171$331&&50%_%_::94$332&&60%_%_::78$,Annexe::21704.694999950352$home::92380.10758563873$other_activity::53796.052398604916$parking_space::537.112111836221$farm::4719.905000010999$collapsed::667.3805005764605$bunker::35368.947487689074$office::6241.355000065643$parking::3870.945997501429$school::212.8800000023027$leisure and sport::2027.6366307103258$restaurant::503.0950000061723$social_facility::1398.920000002971$shop::124.44499999830266$toilets::345.88000001045174$fire_station::381.82500000528523$fountain::544.481410993543$shelter::46.939999999236306$community_centre::189.9149999906216$drinking_water::72.98999999697783$
95,333&&80%_%_::51$334&&10%_%_::61$335&&69%_%_::42$336&&60%_%_::42$337&&50%_%_::48$338&&32%_%_::78$,home::34441.64750181241$Annexe::5453.595000000166$office::1982.1950001267262$parking::560.4020950880572$school::150.35500000418278$other_activity::942.415233581502$restaurant::135.05500000257047$
96,339&&103%_%_::187$340&&50%_%_::514$341&&32%_%_::992$342&&10%_%_::730$343&&60%_%_::409$344&&80%_%_::257$345&&69%_%_::415$,home::458282.1527835529$Annexe::67799.78000006896$office::29774.20499996778$farm::25284.419999946604$other_activity::1319.5649999954703$leisure and sport::30080.265429910407$toilets::300.8399999976298$shop::74.89500000179514$restaurant::1008.3358069572467$parking::5814.989601757763$shower::26739.06660732033$post_box::137.32499999909197$drinking_water::40.20500000110943$motorcycle_parking::80.21646151481902$greenhouse::133.89000000048196$
97,346&&10%_%_::27$347&&69%_%_::76$,home::7881.317613957552$Annexe::2033.210000010799$restaurant::94.87999999901977$office::464.9950000721042$other_activity::288.40500000344935$parking::568.4289892585518$
101,348&&32%_%_::44$349&&10%_%_::34$350&&69%_%_::31$351&&50%_%_::36$,bunker::1073.6064385089428$toilets::1649.7884986895253$leisure and sport::2842.9733328469233$home::12619.009479601678$Annexe::1419.7650000024962$office::685.0149999942363$shop::68.72500000157743$other_activity::503.3290694882205$parking::2948.176817649958$cowshed::219.5100000103563$baking_oven::39.610000000955765$restaurant::184.77999999836203$
103,352&&60%_%_::70$353&&69%_%_::70$354&&32%_%_::150$355&&10%_%_::151$356&&80%_%_::65$357&&50%_%_::76$,home::72130.51132494552$Annexe::12982.365000037822$leisure and sport::4585.921404363743$office::14875.569999978688$other_activity::1845.7599999787265$nursery::173.03999999688472$parking::1868.5048897665772$fountain::873.1835784260569$shop::752.6449999697285$farm::555.554999989107$workship::86.91000000077534$drinking_water::213.6349999950943$restaurant::54.59999999793945$toilets::28.950000000651926$public::302.07999999715133$
105,358&&69%_%_::36$359&&32%_%_::64$,home::9564.09784610842$Annexe::2169.36500000224$other_activity::347.3950000067137$office::441.82499998459247$leisure and sport::535.9292623755332$
108,360&&32%_%_::67$,home::18448.112863429527$Annexe::1980.9350000340696$other_activity::473.98999999674504$office::581.0949999455315$parking::152.64053584676722$
109,361&&50%_%_::487$362&&32%_%_::969$363&&10%_%_::732$364&&103%_%_::149$365&&69%_%_::431$366&&80%_%_::235$367&&60%_%_::383$,home::372757.3919460302$Annexe::54708.78499996562$office::32485.794999974336$other_activity::4109.200191507378$school::3954.873428514703$parking::1458.4796074392534$leisure and sport::1034.6699999966088$lavoir::37.15500000056811$roof::37.15500000056811$farm::7514.535000006711$car_parts::1401.4050000074833$social_facility::947.5050000029197$restaurant::473.4499999966938$shop::1850.9749999980327$parking_space::43.71483350057999$doityourself::1774.714999996978$
110,368&&60%_%_::480$369&&32%_%_::1139$370&&10%_%_::830$371&&69%_%_::497$372&&80%_%_::337$373&&50%_%_::526$374&&103%_%_::183$,home::374959.2958281126$Annexe::46187.380000069614$office::84071.8099999695$farm::76868.23999997291$parking::20076.05235747444$other_activity::1917.9289232508168$lavoir::41.59999999594292$shop::1620.0500000188533$roof::201.95000000139697$leisure and sport::9736.93465561312$greenhouse::1428.0450000039255$social_facility::1350.4950000054969$bicycle_parking::2450.456903328182$restaurant::647.294999996574$school::922.425000004156$
112,375&&32%_%_::60$376&&10%_%_::43$377&&60%_%_::68$,home::22975.31739420876$Annexe::3547.494999992197$office::2678.9799999435877$restaurant::157.25500000258208$farm::1836.155000018496$leisure and sport::115.6800000037055$other_activity::335.7600000050943$service::22.259999998249114$social_facility::32984.41075945546$
118,378&&32%_%_::1502$379&&60%_%_::645$380&&69%_%_::675$381&&10%_%_::1188$382&&50%_%_::681$383&&80%_%_::444$384&&103%_%_::272$,home::241393.6197755324$Annexe::36150.99499997599$office::108455.5599996487$parking::6222.931268676939$leisure and sport::14713.202270929298$farm::3894.345000008233$roof::68.58500000217813$school::2525.842881216393$other_activity::897.2599999938021$health related activity::170.08999999528402$shop::203.28499999685215$
121,385&&32%_%_::325$386&&80%_%_::95$387&&50%_%_::159$388&&60%_%_::134$389&&69%_%_::193$390&&103%_%_::54$391&&10%_%_::256$,home::108139.01452149414$Annexe::23033.9250000362$office::10127.155000084149$other_activity::2682.3549869989$farm_auxiliary::127.26349803441254$farm::370.46999999797674$school::398.81000000259144$restaurant::1168.5949999972665$parking::3038.361423174355$shop::385.4999999971361$fire_station::196.42999999997437$leisure and sport::2617.915939547062$
126,392&&60%_%_::47$393&&32%_%_::50$394&&10%_%_::29$395&&80%_%_::26$,home::24825.857696864292$other_activity::498.6899999974785$Annexe::2846.9550000180543$office::3001.1400000630088$farm::322.645000001085$hangar::64.74499999841325$post_box::68.37999999939814$restaurant::248.88499999741094$
132,396&&50%_%_::74$397&&60%_%_::52$398&&69%_%_::53$399&&32%_%_::125$400&&80%_%_::59$401&&10%_%_::79$,home::49437.51617816048$Annexe::6205.525000009487$office::4170.495000131633$other_activity::38040.835175682085$bunker::58294.20503371464$parking::1637.2860846533522$collapsed::66.30999999975087$farm::2633.5849999875386$toilets::489.7049999987637$social_facility::554.095000004915$workship::9277.614700738453$restaurant::44.8950000018999$school::192.88000000515487$leisure and sport::39.554999997506386$
137,402&&80%_%_::42$403&&69%_%_::36$404&&32%_%_::64$405&&50%_%_::58$406&&10%_%_::37$,home::31750.835879803504$Annexe::3831.1299999990733$office::1140.839999967548$parking::1433.4756881635049$leisure and sport::754.8274845525399$shop::112.00500000165658$kindergarten::543.9395725916067$bench::1114.960918138586$farm::773.5949999949731$other_activity::976.025281623404$milestone::76.79538365011264$school::338.4999999994296$public::526.4550000019302$sport::126.02701828423064$barn::327.73047997972924$recycling::43.78148622910997$
138,407&&103%_%_::157$408&&10%_%_::864$409&&60%_%_::489$410&&32%_%_::1134$411&&69%_%_::540$412&&80%_%_::290$413&&50%_%_::516$,home::441123.32684335$Annexe::77814.4200000249$office::23738.42000015375$shop::1477.129707015094$leisure and sport::10669.864057864688$school::3920.2699999680626$farm::17618.46500003635$greenhouse::355.5199999973073$parking_space::68.58805811065426$waste_basket::4782.225302763267$parking::4758.266945405721$other_activity::9235.143948555182$community_centre::1323.5600000157929$drinking_water::588.9362322012156$newsagent::52.15999999869149$
139,414&&80%_%_::25$415&&32%_%_::82$416&&69%_%_::33$417&&10%_%_::46$418&&60%_%_::32$,home::17761.934135865016$Annexe::2228.930000021844$other_activity::207.2049999998638$office::1105.8049999933155$drinking_water::44.77000000152737$social_facility::647.5849999917125$parking::61.97486915534696$service::23.899999991460938$
140,419&&80%_%_::1477$420&&50%_%_::2441$421&&10%_%_::3949$422&&69%_%_::2310$423&&103%_%_::798$424&&32%_%_::5365$425&&60%_%_::1964$,home::1728639.6686508686$Annexe::326229.02499997854$office::386040.39499928587$other_activity::18789.27636445203$social_facility::19470.592511045696$health related activity::8316.540000000017$shop::59851.02977088352$public::105.91999999860533$parking_entrance::9664.03599986638$parking::144082.55632934938$restaurant::34984.5081624777$candles::75.85499999988707$farm::13288.234999922499$leisure and sport::66411.8832868133$kindergarten::2308.455000009561$toilets::10611.706927419411$school::19867.964404609796$roof::2938.1899999766983$bicycle_parking::5096.880000052653$warehouse::1806.634999937684$waste_basket::772.2340139540997$sport::1857.42884030265$kitchen::321.34500000691736$doityourself::1987.8550000030593$recycling::2068.2165338799464$motorcycle_parking::20.283323906714376$tattoo::93.86999999752268$atm::421.82000000973466$post_box::2315.7273540938927$semidetached_house::62.014999999329454$tennis;handball;baskbetball::1946.282796522466$service::51.80680714008385$vending_machine::195.55999999828984$drinking_water::473.4744206155133$bench::21126.03175322965$laser_tag::1513.6199999896937$motorcycle::2636.3700000701833$financial::780.9950000290364$car_wash::38.69500000266242$flooring;paint::1592.334999995723$storage_rental::3466.710000036701$park::3014.874999964808$party::979.9649999067967$hearing_aids::277.71000000175906$coffee::127.5449999994319$deli::87.61000000041443$architect::75.71999999917578$college::666.399999989732$fire_station::1104.2399999993759$martial_arts::625.5199999980002$carport::86.40500000170314$shed::54.51999999861699$funeral_directors::56.12999999931082$outside_sport::271.6870134125479$animal_shelter::23202.13457721792$
141,426&&50%_%_::338$427&&32%_%_::658$428&&10%_%_::460$429&&69%_%_::298$430&&103%_%_::109$431&&60%_%_::266$432&&80%_%_::211$,home::243757.77018618697$Annexe::41431.45999998735$office::27651.17500010836$parking::3589.7281347588896$farm::860.0749999945517$other_activity::2293.6295938982994$fire_station::1625.625000097428$leisure and sport::3477.443128872944$service::634.1650855754444$restaurant::376.8050000005681$hangar::292.4750000067637$free_flying::1891.6663481914368$drinking_water::39.09000000017928$social_facility::2216.6699999855437$outside_sport::359.4215908198073$
142,433&&80%_%_::43$434&&32%_%_::46$,home::13518.459887335024$office::1618.7149999093813$other_activity::294.68081285098515$Annexe::806.8199999932444$leisure and sport::456.38462997258404$restaurant::229.32500000325962$parking::988.6095513587225$
145,435&&60%_%_::76$436&&103%_%_::25$437&&32%_%_::159$438&&10%_%_::106$439&&69%_%_::87$440&&50%_%_::69$441&&80%_%_::52$,home::37380.44021529733$Annexe::4933.484999983383$farm::1628.6149999880895$greenhouse::1274.9165336371361$other_activity::2942.492341693355$office::3062.5100000110315$barn::29.979240696485835$leisure and sport::3787.615209964395$shop::190.66999999798253$parking::2798.189349363896$lavoir::60.369999995625115$restaurant::136.63000000006753$social_facility::884.019999998617$school::203.6881452798172$
146,442&&32%_%_::350$443&&50%_%_::203$444&&10%_%_::326$445&&80%_%_::105$446&&103%_%_::63$447&&69%_%_::172$448&&60%_%_::139$,home::106664.97272809145$parking::9602.978814118094$Annexe::18774.6300000065$office::18510.74499999008$leisure and sport::16560.910603228658$shop::5123.699999948568$other_activity::273.5400000034913$roof::79.00500000126661$service::28.71998016190355$
147,449&&32%_%_::2023$450&&10%_%_::1653$451&&80%_%_::564$452&&50%_%_::941$453&&69%_%_::950$454&&103%_%_::334$455&&60%_%_::815$,home::577529.3756238006$Annexe::87414.75999987694$office::190248.985000203$leisure and sport::13642.33906548552$parking::8363.239928853158$farm::2517.2100000033074$other_activity::2931.8999999895923$restaurant::229.04500000224914$social_facility::9304.023329114543$park::711.3250000043422$school::3628.110000014733$fire_station::255.96999999676598$
154,456&&50%_%_::2623$457&&10%_%_::4008$458&&32%_%_::5441$459&&69%_%_::2443$460&&80%_%_::1499$461&&60%_%_::2201$462&&103%_%_::837$,home::1182381.660598485$office::114879.0899997178$recycling::11517.698111289073$Annexe::279456.1500000039$leisure and sport::24505.92378924015$other_activity::9253.660158785971$health related activity::1345.0199999743213$farm::38094.26499999943$school::71457.77262071942$shop::15455.559999839628$parking::12918.860673623582$park::3713.599999993329$restaurant::2303.140000027845$parking_entrance::2331.8300000010913$cinema::184.85999999868565$shelter::47.92500000105355$social_facility::6968.734999980348$doityourself::1702.9099999428179$car_rental::254.88999999190216$clinic::26143.98441919885$bicycle_parking::34.56499999948079$car_wash::212.7400000078685$public::202.11999999761582$drinking_water::782.1099999827077$garage::160.73499999867403$sport::1312.5776633406815$stadium::829.6499999925843$community_centre::1888.185000003575$water_tower::52.46041419110507$sheepfold::334.8249999990221$service::537.6149999951851$cabin::77.08999999683815$workship::822.8749999953318$roof::111.79500000371598$fire_station::622.5800000104517$tattoo::53.09000000065659$spa::345.6850000006007$
155,463&&50%_%_::25$464&&32%_%_::54$465&&80%_%_::28$,home::7008.009850571544$Annexe::533.8599999921023$farm::1662.8499999948892$parking::729.4396516626638$other_activity::380.26999999827353$office::284.600000001234$carport::87.97999999655177$
161,466&&69%_%_::46$467&&32%_%_::162$468&&60%_%_::57$469&&80%_%_::71$470&&50%_%_::48$471&&10%_%_::108$,home::69758.92972263407$Annexe::11436.659999991345$other_activity::1549.77459903816$office::9771.90999996586$shop::877.182405263412$restaurant::623.7699999919813$parking::2522.673461027619$leisure and sport::3382.4107411053947$school::1429.6100000051235$fountain::58.724999999132706$farm::878.8800000053819$
162,472&&32%_%_::67$473&&50%_%_::40$474&&10%_%_::50$475&&60%_%_::35$476&&69%_%_::27$477&&80%_%_::33$,home::55497.07025215245$Annexe::5285.904999978006$office::9427.445000082407$parking::2949.2344654665753$other_activity::10680.437644741742$shed::250.38000007705298$restaurant::51.74999999594293$barn::83.88785701870418$shop::154.5999999980442$farm::85.65000000194414$school::305.6199999977788$leisure and sport::3447.510268313019$
165,478&&80%_%_::259$479&&69%_%_::391$480&&32%_%_::885$481&&10%_%_::786$482&&50%_%_::437$483&&60%_%_::386$484&&103%_%_::125$,home::265419.5721237466$Annexe::43797.57999993422$office::18713.84999991586$other_activity::2608.2002892246414$leisure and sport::7254.679291638137$farm::906.095000007744$parking::5487.526489987338$shop::4611.535000141102$sport::567.3815891475805$hut::399.01161613582275$school::796.4400000031944$
167,485&&32%_%_::146$486&&10%_%_::120$487&&80%_%_::57$488&&69%_%_::76$489&&50%_%_::79$490&&60%_%_::65$,home::62308.89562009601$other_activity::16043.059068203194$Annexe::11552.784999969606$office::8378.634999927379$restaurant::176.62499999906868$shop::344.42999999674385$bunker::827.1592621033603$leisure and sport::3952.879357310972$roof::123.49500000680098$parking::2556.538549955171$workship::26.92754506597806$service::20.607431858079686$
169,491&&50%_%_::1855$492&&60%_%_::1425$493&&32%_%_::3657$494&&80%_%_::1040$495&&10%_%_::2866$496&&69%_%_::1661$497&&103%_%_::589$,home::1004521.4342216558$Annexe::153171.6149998866$office::410889.3169566615$parking::229336.50576370952$bench::1264.688886494505$other_activity::22556.90591121585$school::41261.16279320401$college::3761.324999991577$community_centre::538.5500000056634$leisure and sport::57774.19652010391$greenhouse::3189.424999982014$motorcycle_parking::7734.93593641314$terrace::2456.434999987894$shop::28904.04516656401$health related activity::2790.6650000051795$service::316.1909636321402$driving_school::1027.3923743202738$parking_space::282.64962797013163$fire_station::624.1600000060955$farm::10771.66500003522$bicycle_parking::11287.182760312277$vending_machine::2409.61275374308$dormitory::5412.819999999898$cinema::103533.92611521436$restaurant::16319.834022798232$roof::624.3199999962013$mosque::1172.2550000064355$public::5778.622463521669$waste_basket::4942.235293006228$university::9287.34999998784$post_depot::578.4499999979046$recycling::2201.8531899119052$parking_entrance::4546.700000018493$soccer;basketball::256.36070772570434$shelter::92.91155720200173$toilets::85.65500000209897$shed::64.76999999766821$climbing::1209.4199999959044$handball;basketball;football::1056.690356593874$outside_sport::596.438782857542$social_facility::2053.3199999993626$baby_goods::2229.9350000048958$no::337.09565336357684$football::534.4488746681645$garage::3085.594999935875$post_box::223.70499997566685$waste_disposal::25.209999999844$running::292.209575912049$fountain::57.424999999825374$boat::3627.540000085228$research::307.8000000031432$handball;football;basketball::1217.3011800969398$atm::878.2450000067196$
172,498&&50%_%_::107$499&&60%_%_::70$500&&10%_%_::136$501&&69%_%_::84$502&&80%_%_::47$503&&32%_%_::193$504&&103%_%_::36$,home::103057.98214123216$parking::6760.305976623725$Annexe::21256.920000006296$office::16484.94500004202$leisure and sport::10805.930361150125$shop::1269.2988188557288$lavoir::120.08500000245753$farm::339.83499999732356$other_activity::2013.3649999937124$restaurant::1512.6249999935503$toilets::8.74000000025495$sanitary_dump_station::2572.9240209546983$school::377.3799999980826$health related activity::66.3149999993178$recycling::4047.212796187319$newsagent::1077.0200000052644$cinema::841.8900000038115$sport::582.1200000008056$skiing::582.1200000008056$drinking_water::404.27485687527184$
173,505&&32%_%_::44$,home::6825.123930675301$office::1049.9349999940698$other_activity::98.10999999927355$Annexe::567.5350000001466$farm::458.15999999380205$parking::284.93002020260667$
179,506&&50%_%_::277$507&&32%_%_::510$508&&60%_%_::208$509&&69%_%_::249$510&&10%_%_::415$511&&80%_%_::137$512&&103%_%_::68$,home::124424.71704341313$Annexe::24198.715000017248$office::50599.35500006355$public::192.97499999789872$farm::2373.3150000237474$leisure and sport::11631.653350621493$shop::2514.486088578396$atm::211.57500000257278$other_activity::734.7650000149582$parking::4353.126292893714$roof::173.00500000060302$fountain::32.56000000134576$kindergarten::23.14478000851566$restaurant::1184.2350000417823$community_centre::342.78499999927936$recycling::5225.15703869054$waste_disposal::8438.120643512026$sport::717.6730297099446$
183,513&&32%_%_::43$,home::5018.177214787556$Annexe::519.5500000000873$office::111.42000002686515$other_activity::295.0096366419501$parking::318.78061612751424$
184,514&&32%_%_::53$515&&10%_%_::42$516&&60%_%_::68$517&&50%_%_::43$,office::1726.5100000834884$Annexe::5722.545000024349$home::23216.53405448719$other_activity::459.730000001482$leisure and sport::492.9285815696569$farm::695.0600000159325$parking::959.2143058951519$community_centre::130.12000000029337$workship::75.80499999914201$fountain::130.58725790328882$
189,518&&32%_%_::2746$519&&10%_%_::2173$520&&69%_%_::1289$521&&60%_%_::1095$522&&50%_%_::1387$523&&80%_%_::810$524&&103%_%_::441$,home::906838.4098491761$Annexe::149174.0500000136$office::308072.2700002964$shop::27063.73500026131$kindergarten::808.929999996418$parking::64841.71645083099$parking_entrance::2915.8249999961236$other_activity::10616.711285902295$community_centre::901.1599999965493$warehouse::4095.495000075189$construction::8946.691162067202$social_facility::3959.690000008806$farm::17991.785000043226$frame::185.92500000550064$roof::345.1849999962701$vending_machine::4676.2749999910075$leisure and sport::89397.98021986308$medical_supply::1797.0000000108735$restaurant::4916.454999974573$toy_library::101.43499999649124$tattoo::49.854999999287536$bicycle_parking::80383.76610016858$vacant::206.9249999965832$health related activity::1353.9750000072002$farm_auxiliary::79.12499999976717$second_hand::628.2949999960034$notary::977.4199999957182$parking_space::396.27477800943774$archery::6817.128640762559$e-cigarette::1040.2549999644443$drinking_water::1526.7272500673814$pet_grooming::192.61999999781955$school::4191.165000042531$post_box::702.6200000296533$sport::1937.0749999990337$terrace::129.23999999975436$lavoir::95.60999999991967$paint::57.899999998742715$trade::2026.4599999974398$running::582.7026995250724$soccer;basketball::582.7026995250724$waste_disposal::28.115000000854494$public::404.3600000031036$doityourself::916.2900000029558$motorcycle::536.4499999162916$park::2022.48000003728$driving_school::281.96000000434924$cinema::1929.6049999941304$atm::51.885000002055904$
190,525&&32%_%_::35$526&&60%_%_::46$,home::10339.518682013371$parking::1976.8027888901304$Annexe::1270.6099999910255$office::1098.3849999288948$other_activity::170.8650000029674$shop::93.90000000107685$leisure and sport::40.390000001122246$public::40.390000001122246$farm::128.06499999629682$
191,527&&32%_%_::221$528&&50%_%_::90$529&&10%_%_::153$530&&60%_%_::69$531&&69%_%_::87$532&&103%_%_::35$533&&80%_%_::68$,home::121337.01947611009$Annexe::28544.484999963697$office::25353.23000007977$other_activity::2418.005132133054$barracks::318.4800000066624$shop::845.0649999962677$leisure and sport::14186.968287953008$bunker::743.9009717618117$fire_station::1504.394999993041$school::663.045000003233$parking::27507.174599377453$ticket::232.71499999836902$community_centre::232.02999999978812$restaurant;bar::320.77499999966824$drinking_water::38.674999999906866$soccer;basketball;handball::1217.2198638407529$sport::6782.785000000002$shelter::107.86689960499112$health related activity::487.3599999973702$farm::408.85000000032596$restaurant::221.67000000209197$roof::152.38499998268438$waste_basket::29.92500000045984$
196,534&&60%_%_::42$535&&50%_%_::60$536&&32%_%_::93$537&&69%_%_::54$538&&10%_%_::76$539&&80%_%_::52$,home::41118.662026830985$Annexe::6698.125000006787$office::6919.494999844862$parking::576.410950115022$school::148.5299999958242$other_activity::1464.9114401164056$recycling::4653.49982465334$farm::1181.880000000766$toilets::21.45499999988708$workship::385.6799999912781$shelter::21.13621217350845$hut::21.13621217350845$leisure and sport::270.0773141399186$
200,540&&50%_%_::484$541&&69%_%_::488$542&&32%_%_::988$543&&10%_%_::853$544&&80%_%_::274$545&&60%_%_::375$546&&103%_%_::175$,home::333311.067207068$Annexe::70002.1999999044$office::45122.8099998986$bunker::8057.933673417576$school::226.01000000204425$university::1674.0800000253412$parking::10484.178444403244$farm::2447.034999959541$other_activity::13875.428218425022$recycling::2675.658887172367$leisure and sport::19321.562847047986$hangar::205.5100000027427$shop::1466.6840155734349$restaurant::1565.7750000070314$service::172.76500000151805$toilets::80.13000000123168$atm::306.7250000006054$social_facility::3659.7450000108406$free_flying::896.5403833681387$health related activity::25.555000001767183$fire_station::548.9899999951268$bridge::64.97499999863794$
203,547&&10%_%_::213$548&&60%_%_::105$549&&32%_%_::255$550&&50%_%_::125$551&&69%_%_::124$552&&80%_%_::84$553&&103%_%_::47$,home::53017.75661991609$office::2715.2199999981394$Annexe::10426.570000011538$other_activity::2234.1863780491512$social_facility::2018.5499999851802$leisure and sport::1310.511117966265$parking::93.50602675089482$farm::282.8550000086531$
230,554&&80%_%_::35$555&&69%_%_::62$556&&103%_%_::28$557&&50%_%_::99$558&&60%_%_::86$559&&32%_%_::168$560&&10%_%_::158$,home::94147.07252771854$Annexe::17200.66999996779$bunker::603.1605038710778$other_activity::10281.724466222007$office::5420.739999967395$farm::577.9349999946403$restaurant::666.2199999923596$community_centre::79.65999999945402$barn::198.06878259804793$clock::491.8400000043935$shop::363.97500000771254$parking_space::196.1309081877246$cowshed::862.4600000195823$leisure and sport::1996.217990723065$blockhaus::41.519999996847474$school::476.7799999998406$cabin::40.38000000266358$shelter::80.38146322142171$recycling::655.5825524779988$barometer::64.54500000060769$parking::3422.669887136885$
240,561&&10%_%_::52$562&&32%_%_::70$563&&69%_%_::44$,home::20565.732884700523$office::372.00499996418836$Annexe::2138.2300000229666$other_activity::457.359999993575$farm::361.63500000495463$post_box::41.8499999995518$
241,564&&32%_%_::80$565&&10%_%_::46$566&&80%_%_::81$567&&50%_%_::39$,home::29222.94690182191$Annexe::2456.8600000002975$shelter::60.58499999891268$office::1923.2849999583825$other_activity::333.09706070083314$farm::371.17499999393476$leisure and sport::266.81189034898154$
250,568&&60%_%_::1155$569&&80%_%_::814$570&&103%_%_::377$571&&50%_%_::1331$572&&69%_%_::1397$573&&32%_%_::2940$574&&10%_%_::2219$,home::547881.0033054943$Annexe::87501.93999995379$office::254154.7900005593$other_activity::18544.618114708595$parking::19698.643236044143$shop::25070.984999530552$farm::10325.975000061286$restaurant::18721.824999761062$mall::18721.824999761062$leisure and sport::24606.605783067585$shed::87.54929440360283$sport::4719.589999755346$health related activity::556.2499999953725$recycling::181.1409633580239$garage::600.4699999769812$building:part::685.9100000027951$warehouse::3287.1649999940964$social_facility::410.8999999915948$
252,575&&32%_%_::40$576&&10%_%_::30$577&&60%_%_::35$,home::8634.916863862238$parking::813.0427312678811$Annexe::776.6349999972596$recycling::128.51000000218394$other_activity::423.21091438566384$office::160.81999999274382$
253,578&&69%_%_::139$579&&80%_%_::69$580&&10%_%_::214$581&&32%_%_::310$582&&60%_%_::99$583&&50%_%_::111$584&&103%_%_::30$,home::102465.9423799756$Annexe::12762.099999974258$other_activity::3108.611883466847$office::41877.04500022378$shop::1818.9349999281787$leisure and sport::28.734999999192077$farm::3505.499999990663$post_box::193.00500000542263$toilets::27.990000000703148$restaurant::91.67000000345986$school::211.7499999968801$parking::217.33313337788542$supermarket::51.7249999968335$
255,585&&69%_%_::114$586&&32%_%_::251$587&&60%_%_::107$588&&50%_%_::119$589&&10%_%_::200$590&&80%_%_::64$591&&103%_%_::41$,home::60952.28977026734$Annexe::10602.91499996592$office::3740.189999764834$other_activity::4261.151540964579$parking::1023.6490605882143$social_facility::947.2899999984272$
258,592&&50%_%_::117$593&&32%_%_::246$594&&10%_%_::188$595&&60%_%_::107$596&&69%_%_::123$597&&103%_%_::41$598&&80%_%_::67$,home::76356.2303445328$Annexe::11942.579999959698$office::25195.759999984857$farm::6549.250000016549$shop::1503.1499999925554$other_activity::4850.905000002069$
259,599&&32%_%_::52$600&&10%_%_::38$601&&69%_%_::57$,home::20862.657250396107$Annexe::1614.7549999880307$office::5694.115000041819$other_activity::384.2781769249748$leisure and sport::2326.1118867172204$restaurant::121.88999999925377$drinking_water::20.244999999199063$parking::326.24663220875925$
261,602&&32%_%_::407$603&&10%_%_::320$604&&80%_%_::142$605&&69%_%_::210$606&&60%_%_::167$607&&50%_%_::195$608&&103%_%_::73$,home::258850.169713452$office::20686.830000039383$Annexe::75062.66999996644$leisure and sport::3105.350450574172$restaurant::1465.0350000014917$sport::372.7710029538386$drinking_water::1014.9661073909374$parking::8386.129768230381$shop::1929.1849999896401$sailing::20.31000000117696$other_activity::675.9000000074506$toilets::149.87500000526194$school::343.4500000041444$health related activity::132.9100000023353$
264,609&&32%_%_::50$610&&60%_%_::38$611&&80%_%_::27$,home::10825.375481911751$Annexe::1297.600000009505$greenhouse::1144.4003384521682$office::505.64500000241793$other_activity::435.2756042056712$restaurant::69.42499999981374$parking::3724.1601254266625$lavoir::41.2600000005425$roof::41.2600000005425$farm::111.34999999823049$
269,612&&50%_%_::395$613&&60%_%_::275$614&&32%_%_::761$615&&10%_%_::493$616&&69%_%_::293$617&&80%_%_::189$618&&103%_%_::122$,parking::29978.509477257456$home::329911.554668734$office::34523.49500018639$Annexe::62716.785000021046$farm::11985.65999995931$other_activity::932.4199999904795$leisure and sport::5336.1013892871315$shop::1863.0249999945052$restaurant::3388.4696684204896$atm::220.57499999966242$construction::1915.6449604720567$toilets::155.9649999984796$vending_machine::155.33499999951806$school::1854.2600000059442$fire_station::250.58500000029804$
272,619&&32%_%_::289$620&&69%_%_::128$621&&60%_%_::126$622&&80%_%_::88$623&&103%_%_::38$624&&10%_%_::203$625&&50%_%_::131$,home::117398.33311908299$Annexe::29669.935000076235$office::23243.005000001853$parking::16441.549028570465$restaurant::2770.7249999590044$ticket::283.29500000093947$toilets::212.6099999972596$sport::2181.408969068798$skiing::1503.8399999872804$shop::1512.5400000254588$leisure and sport::6014.321524787232$other_activity::1205.0821358289115$cinema::841.8900000038115$atm::511.2100000012527$roof::37.785000002533195$
275,626&&32%_%_::360$627&&10%_%_::287$628&&50%_%_::176$629&&69%_%_::198$630&&60%_%_::169$631&&80%_%_::93$632&&103%_%_::61$,home::153555.08403676876$restaurant::69.01999999966472$Annexe::28638.995000012837$office::6449.085000010811$other_activity::3398.036504015534$leisure and sport::2085.560897446651$parking::756.8129022576377$atm::181.309999995525$shop::97.94499999922817$
276,633&&32%_%_::392$634&&10%_%_::288$635&&69%_%_::170$636&&80%_%_::105$637&&103%_%_::59$638&&60%_%_::137$639&&50%_%_::167$,home::129792.82450257131$Annexe::24522.130000038393$office::11210.634999866852$barn::798.2568731191792$parking::3559.7732152392277$other_activity::31424.405813900285$fire_station::530.7449999983492$sport::347.5435721210739$restaurant::74.14499999700463$bunker::27674.007206922724$social_facility::1490.9300000061094$farm::126.07499999300926$leisure and sport::802.8132838965666$shop::365.40999999085676$
277,640&&80%_%_::294$641&&60%_%_::440$642&&50%_%_::488$643&&32%_%_::1074$644&&10%_%_::893$645&&103%_%_::153$646&&69%_%_::509$,home::399291.5747029211$Annexe::64392.015000006846$office::30683.074999746237$farm_auxiliary::1489.087594740092$other_activity::8227.219677509042$service::230.56000000489644$parking::5895.090076663702$farm::1018.0349999930046$leisure and sport::92170.7261690072$bowls::351.59135624016795$toilets::68.11999999681838$shop::733.6799999925762$drinking_water::95.62999999637715$restaurant::54.72500000142609$parking_space::25.279790403919996$roof::41.05499999881023$school::1038.5250000030385$community_centre::387.10999999537364$recycling::2179.40266787725$
281,647&&32%_%_::88$648&&10%_%_::79$649&&69%_%_::39$650&&80%_%_::51$651&&60%_%_::39$652&&50%_%_::38$,home::34187.22891391801$office::1654.830000018368$Annexe::5588.959999983033$farm_auxiliary::28.240000002193266$leisure and sport::1694.6814378957592$parking::198.22862792011432$other_activity::1935.5682198601862$farm::190.6699999936286$school::81.36000000262632$shop::162.3100000030571$architect::107.50999999344117$
285,653&&69%_%_::39$654&&32%_%_::58$655&&50%_%_::27$,home::14624.23619583352$Annexe::2332.7800000201837$office::331.42999999988126$other_activity::274.4630784240545$farm::123.84000000644825$leisure and sport::1484.4706773073133$
286,656&&32%_%_::42$,home::6254.910003700992$Annexe::443.2150000056916$office::931.0500000553845$other_activity::263.55000000134464$restaurant::99.85500000039929$farm::517.1849999840988$
287,657&&32%_%_::159$658&&50%_%_::68$659&&60%_%_::50$660&&80%_%_::67$661&&69%_%_::83$662&&10%_%_::135$,home::85403.37555611982$Annexe::13595.280000005849$other_activity::3399.760520317416$office::12123.00000014507$shed::674.2499999881256$restaurant::921.0900000054994$toilets::245.6249999980384$service::55.46500000347383$parking::17745.478415104444$farm::3070.415000039923$leisure and sport::6202.8011143468375$recycling::1810.4544854419235$bowls::149.34500000006636$school::318.6200000001711$
295,663&&80%_%_::323$664&&32%_%_::1131$665&&50%_%_::546$666&&10%_%_::806$667&&69%_%_::509$668&&60%_%_::494$669&&103%_%_::180$,Annexe::54713.944999895306$home::320305.37691140844$office::21539.5949998379$driving_school::371.9749999833817$farm::1068.719999998553$greenhouse::959.0599999993376$parking::13046.485443459016$restaurant::2803.189999987053$bicycle_parking::621.3508259958871$shop::1239.14000000912$community_centre::88.69500000231318$leisure and sport::2607.475370592265$health related activity::1349.700792260627$parking_space::21.81999807227347$parking_entrance::2875.1100000032548$other_activity::2585.6864127270937$sport::390.3199999938556$energy::83.10000000346918$school::648.8350000127778$public::305.5099999991222$service::20.188999819353242$tomb::37.7100000021141$
302,670&&80%_%_::42$671&&10%_%_::93$672&&32%_%_::104$673&&60%_%_::39$674&&69%_%_::48$675&&50%_%_::57$,home::25507.939221237793$Annexe::2797.0999999848073$office::2293.899999995681$parking::1827.2162312531614$bunker::485.4636794175809$other_activity::1070.3831137266045$
315,676&&50%_%_::26$677&&32%_%_::52$678&&10%_%_::38$679&&69%_%_::64$,home::19871.63634404368$other_activity::1001.2479771156311$office::252.64000001091858$parking::1079.3280477249843$farm::500.5299999932223$shop::324.2028614630271$Annexe::1057.3699999896064$lavoir::41.90999999991385$leisure and sport::556.1213702181814$
319,680&&50%_%_::52$681&&32%_%_::65$,home::27317.7987671534$office::3503.7949999232032$Annexe::4397.855000009095$parking::1816.9199863499884$other_activity::1132.0921668265332$shelter::26.66999999784864$shop::40.300000001705484$farm::260.34000000510946$bunker::115.13000000254715$
324,682&&32%_%_::69$,home::9226.784867880517$Annexe::922.8149999965706$farm::677.4899999859533$other_activity::170.28999999634922$office::469.2500000044296$parking::107.29078867428927$
329,683&&50%_%_::35$684&&32%_%_::45$685&&10%_%_::38$686&&80%_%_::36$,home::10750.842160999711$other_activity::1234.695756240052$Annexe::2538.1449999965266$office::1551.8099999716887$farm::538.3200000118709$shelter::86.84567955269515$parking::184.874999992433$
336,687&&32%_%_::267$688&&50%_%_::129$689&&10%_%_::193$690&&69%_%_::92$691&&60%_%_::110$692&&80%_%_::49$693&&103%_%_::29$,home::149312.0556385128$Annexe::19418.15000001903$parking::822.790039887075$office::2112.369999985398$fountain::67.3699999986519$other_activity::4778.479519471462$leisure and sport::1959.2525275258804$toilets::417.694999998227$service::110.41618277252061$cabin::41.18500000333646$collapsed::139.24280903602016$
337,694&&32%_%_::477$695&&10%_%_::421$696&&60%_%_::194$697&&103%_%_::83$698&&69%_%_::212$699&&50%_%_::232$700&&80%_%_::149$,home::150554.8977285172$Annexe::35365.86999997256$other_activity::33503.30965167137$office::29117.455000025246$farm::2403.890000033078$social_facility::12446.923523928985$leisure and sport::6226.674454896609$public::82.2399999978859$community_centre::1152.6078044364333$ui::308.6550000038568$parking::3594.4850740008906$public_bath::2130.224999967311$school::4338.279999986564$restaurant::229.64500000318628$shop::2584.3800000285078$bunker::28097.477206912627$barn::42.05106302689797$cowshed::376.6400000086194$lavoir::63.0200000004447$construction::819.7500000671657$newsagent::180.2150000015879$fire_station::59.47000000191736$service::57.15999999906984$
339,701&&10%_%_::63$702&&80%_%_::29$703&&50%_%_::36$704&&32%_%_::77$705&&69%_%_::73$,home::25065.228099085256$Annexe::3810.800000005349$other_activity::698.3550000013656$office::1601.6699998869456$service::34.44000000079628$farm::215.9049999954342$parking::2696.830587735979$leisure and sport::181.90999999866239$
341,706&&60%_%_::521$707&&10%_%_::1085$708&&32%_%_::1339$709&&103%_%_::186$710&&50%_%_::677$711&&69%_%_::625$712&&80%_%_::363$,home::265743.2478721223$Annexe::42452.11000006508$farm::800.0549999847938$office::22438.53499987511$leisure and sport::2673.5977094710765$parking::11567.111602872843$social_facility::1889.9550000055274$other_activity::613.3449999993795$toilets::683.6249999963679$shop::528.5450000544323$community_centre::435.3099999969045$health related activity::183.12500000002328$restaurant::250.73499999946566$school::2232.6295201056228$
344,713&&50%_%_::903$714&&80%_%_::511$715&&69%_%_::845$716&&10%_%_::1361$717&&60%_%_::758$718&&32%_%_::1879$719&&103%_%_::317$,home::607432.4935034096$Annexe::61769.63999996321$parking::42457.47531938614$office::53698.34500024067$farm::101365.93500008737$other_activity::1112.3900000062679$greenhouse::13750.427028857273$leisure and sport::24404.253543985058$sport::10509.262445371194$school::3817.249999985332$drinking_water::176.74760772078545$shelter::345.8300000032748$recycling::1027.6829750225284$social_facility::205.2300000003935$shop::4226.20500009845$kindergarten::1963.470000018629$cinema::483.0800000013015$health related activity::289.0399999973737$post_box::708.1687624921021$service::377.6349999878707$restaurant::295.344999996213$
347,720&&50%_%_::453$721&&32%_%_::902$722&&10%_%_::606$723&&80%_%_::214$724&&103%_%_::130$725&&69%_%_::411$726&&60%_%_::392$,home::208539.2508549305$toilets::263.92129087980527$Annexe::33111.609999993285$parking::8783.541959987495$office::12339.344999966337$farm::8803.044999993004$fire_station::569.2749999620079$other_activity::2095.345000003675$restaurant::515.8050000025762$greenhouse::14287.162471785401$school::193.48500000736442$leisure and sport::572.2326517949748$shop::206.66000000312692$
357,727&&60%_%_::72$728&&69%_%_::65$729&&32%_%_::204$730&&10%_%_::180$731&&50%_%_::105$732&&80%_%_::75$,home::43536.38025554499$Annexe::8635.859999988725$service::25.63526732983395$office::5652.455000010977$parking::1025.8677702209009$other_activity::685.4350000009325$traffic_park::585.7692813461026$leisure and sport::2933.456275420474$social_facility::523.0100000014331$
361,733&&32%_%_::51$734&&50%_%_::29$735&&69%_%_::32$,parking::1292.9228701025586$home::32366.17077064339$Annexe::5436.969999993257$office::2277.404999988816$farm::366.61499999768796$other_activity::532.1099999873177$leisure and sport::1553.2459507523895$shelter::35.45000000073923$shop::129.46499999808964$restaurant::509.7799999966449$
362,736&&69%_%_::217$737&&80%_%_::168$738&&32%_%_::517$739&&50%_%_::241$740&&10%_%_::324$741&&103%_%_::103$742&&60%_%_::197$,home::285386.09219775815$office::18896.789999921995$Annexe::76536.5250001599$greenhouse::3560.6583176391855$farm::5406.854999978531$fire_station::356.094999988419$restaurant::8405.511854546061$park::225.18000000321075$leisure and sport::15947.488560922968$other_activity::6755.586044350441$parking::2034.486120472155$outside_sport::263.308494883551$cinema::62.30000000195578$roof::5293.669834415165$fountain;waste_basket::4998.645716021558$bench::290.79000000934116$health related activity::1042.8150000047544$lighthouse::59.98346636483151$shop::1546.8149999943237$shed::27.8875496540567$clock::262.71999999838414$barracks::204.0350000002049$construction::181.40500000310595$school::539.3449999937741$waste_basket::1463.4974583467726$
363,743&&50%_%_::166$744&&60%_%_::178$745&&32%_%_::314$746&&10%_%_::276$747&&69%_%_::163$748&&80%_%_::120$749&&103%_%_::73$,home::120671.24787061661$Annexe::22780.259999965503$office::4395.894999925339$other_activity::553.8600000020908$school::222.73499999276595$parking::1073.615883420536$
367,750&&10%_%_::577$751&&69%_%_::382$752&&80%_%_::209$753&&32%_%_::734$754&&50%_%_::382$755&&103%_%_::115$756&&60%_%_::338$,home::166245.7154957717$Annexe::33424.03999998503$office::42211.929497206074$parking::11848.932615556874$other_activity::4631.090439598112$farm::17779.705000001868$leisure and sport::9307.630600531662$shop::599.9750000023225$baseball::1155.2160735019527$kindergarten::201.14500000143425$health related activity::2461.655000022617$public::1061.21905717442$school::1085.1600000109909$
371,757&&60%_%_::458$758&&10%_%_::925$759&&50%_%_::593$760&&69%_%_::563$761&&80%_%_::373$762&&32%_%_::1231$763&&103%_%_::174$,home::292995.48346933257$office::104708.48000008371$Annexe::37814.45500001632$farm::17331.285000034415$shop::87.15999999705004$leisure and sport::9870.342661403929$parking::6469.398706882977$sport::680.447287354505$car_parts::144.9949999920628$other_activity::765.8969312781195$social_facility::1720.845000008297$
372,764&&32%_%_::140$765&&10%_%_::126$766&&60%_%_::60$767&&80%_%_::48$768&&69%_%_::60$769&&50%_%_::79$,home::78756.51181676626$Annexe::14419.079999997588$office::11956.635000105143$other_activity::1157.3453584995416$leisure and sport::3028.474016974202$parking::16498.651177074662$shelter::408.1129493611793$restaurant::857.8800000024132$farm::87.47999999915947$barn::813.2964352675245$shop::102.3099999999313$community_centre::159.6350000054494$
387,770&&32%_%_::143$771&&50%_%_::74$772&&10%_%_::121$773&&69%_%_::76$774&&60%_%_::48$775&&80%_%_::48$,home::50894.55967641113$other_activity::1924.3505238952357$Annexe::5758.070000017814$sport::546.400346672859$office::4411.774999981962$shop::336.61999999530497$leisure and sport::2577.536749997436$parking::1443.5427044191013$watermill::151.690000006489$hangar::358.315000013829$school::596.8600000049605$restaurant::28.37000000028755$farm::182.3699999997637$toilets::31.769999998908023$
388,776&&60%_%_::180$777&&32%_%_::399$778&&10%_%_::286$779&&80%_%_::112$780&&69%_%_::186$781&&50%_%_::194$782&&103%_%_::49$,home::215288.42150575653$Annexe::12719.845000030382$office::322888.2599994956$parking::13631.691843257031$toilets::714.9149999950628$other_activity::843.5827260805902$leisure and sport::1528.3857470630453$shop::392.69744296764844$farm::6009.07000002083$warehouse::6697.050000048965$restaurant::32.974999999511056$community_centre::54.64500000025844$
391,783&&10%_%_::169$784&&103%_%_::30$785&&80%_%_::58$786&&50%_%_::104$787&&32%_%_::248$788&&60%_%_::98$789&&69%_%_::89$,other_activity::6605.318288015822$Annexe::15262.994999998671$home::82060.79988819655$office::11230.329999683197$shelter::52.38999999828171$hut::690.264999993631$semidetached_house::432.97999999846684$restaurant::763.2399999905575$barn::209.65502093483255$parking::1850.290660168725$waste_basket::147.3400000033982$shop::202.19499999810475$community_centre::146.7100000009907$wayside_cross::2239.039265862573$cabin::72.45999999592081$service::52.236440837546866$post_box::99.36499999171006$
398,790&&32%_%_::2338$791&&10%_%_::1700$792&&69%_%_::999$793&&80%_%_::624$794&&60%_%_::902$795&&103%_%_::368$796&&50%_%_::1074$,home::622845.851572822$Annexe::125347.14500018378$leisure and sport::19270.541278431032$office::48587.53500006169$other_activity::10534.12341851094$parking::17814.820316673904$shop::3214.4249999809194$health related activity::715.475000008283$sport::8360.898048287563$farm::3825.5250000053898$school::22607.390531004974$service::287.8799999989325$recycling::2222.446298942021$restaurant::417.4699999947287$park::86.21999999570079$doityourself::907.7629646972937$vacant::676.4549999959697$hearing_aids::27.255000000783475$
401,797&&32%_%_::74$798&&80%_%_::42$,home::16408.61570084306$Annexe::1835.7149999856217$office::1971.4150000935213$restaurant::213.83000000392087$other_activity::192.67500000047733$waste_basket::161.6149999951734$parking::120.40083191108005$farm::603.0950000160385$bench::570.300801429359$leisure and sport::462.9656645979908$community_centre::88.34000000771718$
403,799&&69%_%_::44$800&&32%_%_::79$,home::24843.290635344896$Annexe::2795.8049999904506$bunker::12394.461184206659$parking::6037.771176598198$other_activity::15598.318526236388$shop::51.55499999628402$office::1145.9049999224883$post_box::145.67500000190918$restaurant::260.2450000001653$shelter::660.6408774731746$leisure and sport::928.957425220116$casemate::11890.492837025624$
405,801&&32%_%_::65$802&&69%_%_::38$,home::10097.553341354307$leisure and sport::3263.183016026683$Annexe::1449.0099999953445$recycling::130.89798030126806$office::870.4749999936321$other_activity::9840.067855350695$parking::855.5699019984835$sport::621.6159978983604$fountain::25.404999999706632$shop::198.3899999976822$
406,803&&60%_%_::66$804&&32%_%_::156$805&&80%_%_::59$806&&103%_%_::29$807&&69%_%_::67$808&&10%_%_::149$809&&50%_%_::71$,home::65692.52793193677$Annexe::11475.944999972284$office::11535.995000060933$parking::12215.170786666089$other_activity::1949.434292977245$farm::435.6850000025856$school::626.5399999945331$restaurant::844.8000000002329$leisure and sport::3462.6327817787205$shop::462.3300000002596$waste_disposal::57.31499999744352$service::91.84000000091852$drinking_water::202.353379876926$storage_tank::98.46837987272224$post_box::52.17999999804771$
418,810&&32%_%_::929$811&&10%_%_::583$812&&60%_%_::353$813&&69%_%_::432$814&&103%_%_::143$815&&80%_%_::247$816&&50%_%_::468$,home::372572.3028381348$office::32794.28000009391$Annexe::75035.8149999313$farm::25356.434999992365$greenhouse::19317.076705520656$leisure and sport::26153.887150998442$parking::9647.10327309415$other_activity::1857.3299999971048$shop::8219.183777676053$restaurant::1452.534999986177$cinema::868.5099999963516$carport::32.10999999872642$kindergarten::352.3750000005297$toilets::452.7150000045565$doityourself::427.5500000432134$recycling::453.93939910159$social_facility::541.1699999902061$health related activity::302.16000000916887$lavoir::24.365000000796282$notary::387.44000000386967$school::152.93500000323752$fountain::34.335000001107105$
428,817&&103%_%_::216$818&&60%_%_::623$819&&10%_%_::1159$820&&50%_%_::777$821&&80%_%_::419$822&&32%_%_::1499$823&&69%_%_::688$,home::495038.00005887495$Annexe::55282.500000020904$farm::179434.40000019677$office::64205.14999982922$parking::27016.608847493433$other_activity::7746.744258570845$leisure and sport::14105.269140650955$restaurant::2103.064999999591$camping::493.14999999515715$padel::448.833021684992$shop::8156.648204547749$park::193.26000000251574$school::5146.958125419963$health related activity::111.40000000037253$shower::78.24999999720603$recycling::713.0715450081705$toilets::27.8600000011304$
437,824&&69%_%_::993$825&&80%_%_::635$826&&60%_%_::817$827&&50%_%_::1007$828&&32%_%_::2217$829&&10%_%_::1619$830&&103%_%_::312$,home::461426.87117385067$shop::11084.440500688399$Annexe::66116.68500003581$office::139984.4299992534$social_facility::5392.204999980195$parking::21990.269911143558$farm::17460.335000038132$other_activity::3077.6968210371533$restaurant::137.8000000055181$school::5214.040000005657$car_wash::120.44000000221655$leisure and sport::17683.832754542553$bicycle_parking::3369.0817725761285$health related activity::15831.163351876718$greenhouse::1620.7050000068198$recycling::2249.82830591225$post_box::1481.1803595838583$sport::450.39920256014926$
440,831&&69%_%_::286$832&&10%_%_::458$833&&32%_%_::605$834&&80%_%_::174$835&&50%_%_::288$836&&103%_%_::99$837&&60%_%_::247$,home::255597.75739595812$Annexe::47085.620000041745$office::52506.854999320836$other_activity::234808.7083374332$service::5979.219031044915$bunker::47757.367165982985$workship::820.5600000031968$shed::38.414999999993015$school::1758.8100000091222$collapsed::1716.637292132962$leisure and sport::10597.246535662962$farm::1416.5949999749614$reception_desk::271.00000000052387$shop::1306.7599999981326$parking::5863.280958833735$restaurant::2785.844999991084$lavoir::48.8300000023027$fire_station::978.0250000025494$leisure::228.60499999671475$cabin::76.16000000411645$social_facility::6490.530000053631$cinema::733.2949999973015$barrak::1302.2630492506364$barracks::134.6300000037346$parking_space::892.9442454123053$transformer_tower::20.842237644303488$guide::66.02000000088708$battery::8612.649611663697$roof::93.46500001333422$drinking_water::1116.796834671894$sport::342.14577747087634$
462,838&&69%_%_::178$839&&32%_%_::349$840&&60%_%_::152$841&&80%_%_::111$842&&50%_%_::177$843&&103%_%_::57$844&&10%_%_::272$,home::243005.02674331635$office::39867.05635481277$shop::3269.4249999716235$Annexe::58712.979999933916$community_centre::883.3000000131198$leisure and sport::12193.658542883417$parking::48840.95519407098$other_activity::10067.940249823387$farm::336.1149999966344$barn::651.5941717556582$sport::900.3100000139477$drinking_water::7275.039991426658$school::5876.308821626662$restaurant::2526.289999989888$toilets::882.4850000059672$fountain::92.16999999897205$health related activity::358.38000000069616$workship::2244.975000004307$bicycle_parking::508.804485229462$hut::22.258991819272506$cinema::629.2700000027089$ice_skating::626.9212534702394$social_facility::272.5500000023225$shed::73.24500000193481$roof::119.3150000087591$newsagent::143.59999999653664$shelter::107.62714492643491$fire_station::447.88999999719323$climbing::115.81967259598953$lavoir::22.944914026082643$post_box::84.66000000018744$
468,845&&69%_%_::28$846&&10%_%_::29$847&&60%_%_::48$848&&32%_%_::47$,home::31316.443990805274$Annexe::4690.534999977905$other_activity::8820.966083612435$office::1200.8099999906822$bunker::8446.90821692068$parking::968.2411672713654$farm::515.3800000005099$cowshed::534.0400000174553$cabin::39.22999999757041$barn::79.17999999667984$
471,849&&50%_%_::393$850&&32%_%_::861$851&&10%_%_::649$852&&60%_%_::349$853&&103%_%_::125$854&&69%_%_::359$855&&80%_%_::256$,home::247802.86456435497$other_activity::1957.406866046119$Annexe::36243.535000065654$office::83677.34499954848$sport::5020.206759293793$parking::26256.589772296233$shop::2332.2150000033284$school::1800.6449999989602$social_facility::805.4000000000989$kindergarten::241.62000000228406$leisure and sport::2653.471453713566$fire_station::367.0749999963038$restaurant::1286.7450000107883$shed::25.936313254304963$architect::577.9600000114041$greenhouse::97.64499999960653$health related activity::896.6396334071525$
472,856&&69%_%_::507$857&&60%_%_::501$858&&103%_%_::195$859&&50%_%_::589$860&&32%_%_::1087$861&&10%_%_::881$862&&80%_%_::341$,home::371762.63980361266$Annexe::42896.58000002007$office::44784.769999539785$farm::171717.28000026205$other_activity::987.9349999962817$greenhouse::19144.135000026952$shop::5910.534999979808$social_facility::2242.7800000014995$parking::18784.695247597778$leisure and sport::6019.190166996658$service::38.50500000797212$roof::285.9399999877694$restaurant::343.3450000043272$
484,863&&32%_%_::54$864&&69%_%_::47$,home::18715.86173533216$office::886.2750000292494$Annexe::3173.249999989139$other_activity::422.9149999921699$parking::1257.3087900198423$farm::32.22500000020954$
519,865&&69%_%_::425$866&&60%_%_::357$867&&32%_%_::910$868&&10%_%_::657$869&&50%_%_::422$870&&80%_%_::261$871&&103%_%_::131$,home::295448.2723817825$office::23082.245000264644$Annexe::49597.52000003473$parking::22284.87654141235$drinking_water::202.01000000083354$toilets::6847.422673614945$fire_station::5089.877673610857$leisure and sport::34876.000714131966$restaurant::401.12499998739224$farm::258.7000000025728$health related activity::56.385000000984874$other_activity::3704.548080969159$shop::150.099999999383$school::481.7700000002236$bicycle_parking::1362.2202221359942$roof::417.65000000901057$
535,872&&32%_%_::464$873&&50%_%_::182$874&&69%_%_::189$875&&60%_%_::162$876&&80%_%_::122$877&&10%_%_::355$878&&103%_%_::63$,home::135052.4093651313$Annexe::19171.494999980656$office::37571.6500004299$other_activity::609.5700000055263$school::2664.114229758774$farm::9527.934999972334$crematorium::297.91465220051276$restaurant::1492.9649999967219$parking::2924.065808822122$leisure and sport::1871.667902012309$
542,879&&60%_%_::61$880&&50%_%_::97$881&&32%_%_::237$882&&69%_%_::137$883&&10%_%_::171$884&&80%_%_::69$885&&103%_%_::35$,home::65222.044118446895$office::4593.479999972604$Annexe::9199.409999995205$farm_auxiliary::595.4699999946299$other_activity::1741.946461052808$farm::52.17499999959837$parking::1235.3660039768652$shop::81.69000000053435$leisure and sport::474.190546369377$school::370.1149999925366$
569,886&&69%_%_::420$887&&60%_%_::392$888&&50%_%_::472$889&&32%_%_::959$890&&10%_%_::670$891&&80%_%_::265$892&&103%_%_::145$,home::218491.91709601568$Annexe::34732.650000025234$office::48050.965000263$other_activity::1091.9599999966251$farm::2799.2599999717877$leisure and sport::4086.9366895616886$parking::7762.881740380987$kindergarten::308.9799999981583$social_facility::513.4149999952374$shop::744.750000004773$crematorium::1532.1646522017584$restaurant::136.00999999642139$roof::433.85499999690103$school::1614.0999999945748$shelter::30.8899999995681$health related activity::134.5650000005984$
583,893&&60%_%_::159$894&&69%_%_::212$895&&10%_%_::311$896&&80%_%_::135$897&&50%_%_::193$898&&32%_%_::411$899&&103%_%_::72$,home::96657.06695414714$Annexe::23804.825000007047$office::11854.355000169078$restaurant::706.3700000087218$leisure and sport::1881.0716462201362$fountain::785.7826915297701$parking::1927.120047868427$other_activity::706.5150000065123$farm::92.30500000562053$
590,900&&69%_%_::44$901&&32%_%_::38$,home::16012.902921096354$Annexe::1632.0850000034761$office::692.9000000506406$other_activity::578.2132910317804$drinking_water::48.95000000464497$
591,902&&32%_%_::214$903&&10%_%_::155$904&&69%_%_::85$905&&80%_%_::69$906&&50%_%_::87$907&&60%_%_::77$908&&103%_%_::40$,home::51401.73863168931$office::5005.844999946888$Annexe::10957.150000033516$farm::331.46499999357854$leisure and sport::1355.5726942258716$other_activity::688.8962839633206$parking::2861.217461148094$school::225.31499999903843$
594,909&&10%_%_::88$910&&80%_%_::55$911&&60%_%_::44$912&&32%_%_::141$913&&50%_%_::47$914&&69%_%_::42$,home::69791.96635111587$Annexe::11884.814999989598$farm::2261.355000009928$office::7011.875000058625$other_activity::400.33500000422123$school::130.6800000010629$community_centre::143.89499999644002$parking::143.89499999644002$recycling::2163.4520478364097$shop::125.03500000515837$leisure and sport::688.1748004548845$
613,915&&69%_%_::35$916&&32%_%_::56$,home::12465.872336254539$Annexe::2085.6000000101576$office::416.9799999414699$other_activity::596.7640131725401$parking::503.3954293950852$
615,917&&32%_%_::47$,home::12475.578676375797$Annexe::1288.6100000124634$other_activity::681.6954589421647$office::148.6099999858567$
621,918&&69%_%_::26$919&&32%_%_::45$920&&50%_%_::35$921&&80%_%_::26$,home::15611.409085156958$office::2090.7850000037847$Annexe::2033.1849999818753$farm::89.46500000384054$parking::882.9439933548523$other_activity::217.1099999996519$
643,922&&69%_%_::34$923&&32%_%_::35$,home::7227.240674811214$other_activity::276.3749999986787$office::916.49999992628$farm::497.729999997908$Annexe::444.93499999646207$parking::630.4657207703135$
663,924&&32%_%_::436$925&&10%_%_::349$926&&60%_%_::157$927&&69%_%_::189$928&&50%_%_::200$929&&103%_%_::65$930&&80%_%_::124$,home::173776.45060225716$office::8732.805000010607$restaurant::361.6582781203256$Annexe::24717.430000005912$other_activity::1023.6475725437605$farm::34483.580000041744$leisure and sport::8632.854411967874$parking::9690.927931494203$service::439.7547985726452$greenhouse::11636.469999983798$shop::1747.409999986398$fire_station::380.27000000210944$shed::21.81999999854714$school::474.5350000095763$motocross::72702.52471899346$model_aerodrome::1068.3514330887363$events_venue::242.54500000483358$post_box::107.82499999761349$waste_basket::324.78549976040864$sport::537.2474150130399$
698,931&&69%_%_::35$932&&80%_%_::34$933&&32%_%_::71$934&&50%_%_::34$935&&60%_%_::26$936&&10%_%_::47$,home::44520.40707151279$Annexe::7809.9299999756095$other_activity::10142.843034385038$collapsed::1439.3599756782155$farm::326.3699999962654$bunker::6100.685000039507$office::3060.0999999872874$shop::266.8200000048801$parking::1178.5486806089893$leisure and sport::1704.8497524062923$restaurant::681.9549999913713$service::61.36499999846799$
705,937&&32%_%_::58$938&&60%_%_::48$,home::15188.741500018414$Annexe::1541.7949999988439$office::1933.0550000655865$other_activity::516.6269998799553$farm::924.6293232573994$
